ID,Staff Primary,Staff Secondary,Helmet Primary,Helmet Secondary,Helmet Tertiary,Normal UI,Highlighted UI,Pressed UI,Disabled UI,Secondary Normal UI,Secondary Highlighted UI,Secondary Pressed UI,Secondary Disabled UI,Car,Primary,Secondary,Tertiary,Trim,Livery Color 1,Livery Color 2,Livery Color 3,Livery Color 4,Livery Color 5,Livery Color 6,Livery Color 7,Livery Color 8,Livery Color 9,Livery Color 10,Light Sponsor 1,Light Sponsor 2,Light Sponsor 3,Light Sponsor 4,Dark Sponsor 1,Dark Sponsor 2,Dark Sponsor 3,Dark Sponsor 4,Metallic,Smoothness
0,#797979,#797979,#797979,#797979,#b3b3b3,#797979,#b3b3b3,#7b7b7b,#5d5d5d,#797979,#b3b3b3,#7b7b7b,#5d5d5d,#f3f3f3,#f3f3f3,#f3f3f3,#f3f3f3,#f3f3f3,#f3f3f3,#f3f3f3,#f3f3f3,#f3f3f3,#f3f3f3,#f3f3f3,#f3f3f3,#f3f3f3,#f3f3f3,#f3f3f3,#ffffff,#ffffff,#ffffff,#8c8c8c,#0d0d0d,#0d0d0d,#232323,#232323,,0.93
1,#1c9e98,#ffffff,#1c9e98,#ffffff,#58afb0,#1c9e98,#58afb0,#058076,#323232,#1c9e98,#1c9e98,#1c9e98,#323232,#1c9e98,#ffffff,#232323,#11c6ac,#232323,#0a0202,#232323,#8c8c8c,#e5e5e5,#ffffff,#02302e,#1c9e98,#11c6ac,#e74242,#9A1551,#11c6ac,#e74242,#ffffff,#1c9e98,#0d0d0d,#02302e,#4d0f2d,#232323,0.7,0.60
2,#a14d7c,#ffce00,#a14d7c,#ffce00,#a14d7c,#83419d,#83419d,#83419d,#323232,#83419d,#83419d,#83419d,#323232,#a14d7c,#0a0202,#a14d7c,#ffce00,#0a0202,#0a0202,#232323,#8c8c8c,#e5e5e5,#ffffff,#ffce00,#ff9000,#6d3688,#c64b8f,#a14d7c,#ffffff,#ffce00,#c64b8f,#a14d7c,#0d0d0d,#501f68,#5c4804,#232323,,0.93
3,#e5e5e5,#5568b0,#5568b0,#d44040,#e5e5e5,#aeaeae,#aeaeae,#aeaeae,#323232,#aeaeae,#aeaeae,#aeaeae,#323232,#d44040,#ffffff,#0a1a29,#d44040,#ffffff,#0a0202,#232323,#8c8c8c,#e5e5e5,#ffffff,#0a1a29,#5568b0,#5abcd6,#690000,#d44040,#ffffff,#5abcd6,#d44040,#5568b0,#0d0d0d,#0a1a29,#510103,#2F2933,,0.93
4,#ae2324,#ffffff,#ae2324,#ffffff,#c02925,#ae2324,#c02925,#8b1e20,#323232,#ae2324,#ae2324,#ae2324,#323232,#f62828,#f62828,#0a0202,#ff9000,#690000,#0a0202,#232323,#8c8c8c,#e5e5e5,#ffffff,#690000,#f62828,#ff9000,#ff9000,#ffce00,#ffffff,#ffce00,#ff9000,#f62828,#0d0d0d,#510103,#712d0b,#232323,,0.93
5,#232323,#c61a1a,#232323,#c61a1a,#5d5d5d,#5d5d5d,#5d5d5d,#5d5d5d,#303030,#5d5d5d,#5d5d5d,#5d5d5d,#303030,#232323,#232323,#ffffff,#f62828,#0a0202,#0a0202,#232323,#8c8c8c,#e5e5e5,#ffffff,#690000,#c61a1a,#f62828,#FF6517,#fbbf2a,#e2e2e2,#fbbf2a,#f62828,#FF6517,#0d0d0d,#510103,#712d0b,#232323,,0.93
6,#ff9000,#1c1c1c,#ff9000,#1c1c1c,#ff9000,#ff9000,#ff9000,#ff9000,#323232,#ff9000,#ff9000,#ff9000,#323232,#ff9000,#ff9000,#e5e5e5,#232323,#232323,#0a0202,#232323,#8c8c8c,#e5e5e5,#ffffff,#b56e1a,#da8f38,#b28800,#ff9000,#a14d7c,#da8f38,#b28800,#ffffff,#8c8c8c,#0d0d0d,#4d0f2d,#554007,#2F2933,,0.93
7,#d44040,#3670a9,#d44040,#3670a9,#5083b5,#3670a9,#5083b5,#1e4b77,#323232,#3670a9,#3670a9,#3670a9,#323232,#364a91,#d44040,#173d5c,#d44040,#173d5c,#0a0202,#232323,#8c8c8c,#e5e5e5,#ffffff,#173d5c,#364a91,#5abcd6,#690000,#d44040,#ffffff,#5abcd6,#d44040,#5397a9,#0d0d0d,#510103,#173d5c,#232323,,0.93
8,#6bec97,#257b3e,#6bec97,#257b3e,#c3b73a,#6bec97,#c3b73a,#958f34,#323232,#5eaf45,#5eaf45,#5eaf45,#323232,#6bec97,#6bec97,#232323,#257b3e,#f3a50d,#0a0202,#232323,#8c8c8c,#e5e5e5,#ffffff,#082600,#257b3e,#6bec97,#f3a50d,#fadb06,#ffffff,#fadb06,#6bec97,#f3a50d,#0d0d0d,#082600,#554007,#232323,,0.93
9,#b64e9d,#d9d9d9,#b64e9d,#d9d9d9,#c76dab,#b64e9d,#c76dab,#93387d,#323232,#b64e9d,#b64e9d,#b64e9d,#323232,#b64e9d,#8c8c8c,#a14d7c,#0a0202,#a14d7c,#0a0202,#232323,#8c8c8c,#e5e5e5,#ffffff,#a14d7c,#a14d7c,#c64b8f,#917127,#cfae5e,#dadada,#cfae5e,#a14d7c,#917127,#0d0d0d,#4d0f2d,#554007,#232323,,0.93
10,#1c1c1c,#70b15b,#1c1c1c,#70b15b,#93c175,#477638,#477638,#477638,#323232,#477638,#477638,#477638,#323232,#489352,#489352,#eaf3ed,#000000,#000000,#0a0202,#232323,#8c8c8c,#e5e5e5,#ffffff,#082600,#489352,#6bec97,#917127,#cfae5e,#ffffff,#cfae5e,#6bec97,#917127,#0d0d0d,#082600,#554007,#232323,,0.93
11,#e57f1d,#b52c1a,#e57f1d,#b52c1a,#e57f1d,#e57f1d,#e57f1d,#e57f1d,#323232,#e57f1d,#e57f1d,#e57f1d,#323232,#f3a50d,#f3a50d,#b52c1a,#0a0202,#0a0202,#0a0202,#232323,#8c8c8c,#e5e5e5,#ffffff,#690000,#b52c1a,#e74242,#f3a50d,#fadb06,#f3a50d,#fadb06,#ffffff,#e74242,#0d0d0d,#510103,#712d0b,#232323,,0.93
12,#317eb6,#d9d9d9,#317eb6,#d9d9d9,#317eb6,#317eb6,#317eb6,#317eb6,#323232,#317eb6,#317eb6,#317eb6,#323232,#317eb6,#ffffff,#2c6a9e,#232323,#e74242,#0a0202,#232323,#8c8c8c,#e5e5e5,#ffffff,#2c6a9e,#5bb5ee,#690000,#b52c1a,#e74242,#ffffff,#e74242,#5bb5ee,#ADD5F7,#0d0d0d,#173d5c,#510103,#232323,,0.93
13,#1c1c1c,#ab65a3,#1c1c1c,#ab65a3,#ab65a3,#ab65a3,#ab65a3,#ab65a3,#323232,#ab65a3,#ab65a3,#ab65a3,#323232,#000000,#232323,#8c49a9,#30003e,#5397a9,#0a0202,#232323,#8c8c8c,#e5e5e5,#ffffff,#30003e,#8c49a9,#10597f,#5397a9,#5abcd6,#5397a9,#8c49a9,#ffffff,#8c8c8c,#0d0d0d,#30003e,#173d5c,#232323,,0.93
14,#fadb06,#1c1c1c,#fadb06,#1c1c1c,#c3b73a,#fadb06,#c3b73a,#958f34,#323232,#fadb06,#fadb06,#fadb06,#323232,#fadb06,#fadb06,#0a0202,#ffffff,#8c8c8c,#0a0202,#232323,#8c8c8c,#e5e5e5,#ffffff,#b52c1a,#c54e02,#f3a50d,#fadb06,#ffce00,#fadb06,#f3a50d,#ffffff,#8c8c8c,#0d0d0d,#712d0b,#724c0f,#232323,,0.93
15,#5397a9,#ae2324,#5397a9,#ae2324,#c02925,#ae2324,#c02925,#8b1e20,#323232,#ae2324,#ae2324,#ae2324,#323232,#d71228,#d71228,#6ac7dd,#10597f,#0a0202,#0a0202,#232323,#8c8c8c,#e5e5e5,#ffffff,#143f72,#10597f,#6ac7dd,#d71228,#f62828,#ffffff,#f62828,#6ac7dd,#57C98B,#0d0d0d,#173d5c,#510103,#232323,,0.93
16,#917127,#1c1c1c,#917127,#1c1c1c,#b08e3f,#917127,#b08e3f,#755b1f,#323232,#917127,#917127,#917127,#323232,#917127,#232323,#917127,#917127,#232323,#0a0202,#232323,#8c8c8c,#e5e5e5,#ffffff,#b28800,#917127,#2F2933,#30003e,#8c49a9,#836600,#8c49a9,#ffffff,#8c8c8c,#0d0d0d,#554007,#30003e,#232323,,0.93
17,#46a4b2,#eb782d,#46a4b2,#eb782d,#1c1c1c,#46a4b2,#46a4b2,#46a4b2,#323232,#46a4b2,#46a4b2,#46a4b2,#323232,#46a4b2,#46a4b2,#c54e02,#eb782d,#232323,#0a0202,#232323,#8c8c8c,#e5e5e5,#ffffff,#c54e02,#eb782d,#143f72,#46a4b2,#ADD5F7,#eb782d,#ADD5F7,#ffffff,#6ac7dd,#0d0d0d,#143f72,#712d0b,#232323,,0.93
18,#c02925,#d9d9d9,#c02925,#d9d9d9,#d9d9d9,#aeaeae,#aeaeae,#aeaeae,#39384b,#aeaeae,#aeaeae,#aeaeae,#39384b,#d9d9d9,#e5e5e5,#c61a1a,#0a0202,#0a0202,#0a0202,#232323,#8c8c8c,#e5e5e5,#ffffff,#690000,#c61a1a,#f62828,#FF6517,#fbbf2a,#ffffff,#fbbf2a,#f62828,#57C98B,#0d0d0d,#690000,#712d0b,#232323,,0.93
19,#143f72,#fadb06,#143f72,#fadb06,#d9d9d9,#143f72,#143f72,#143f72,#36242f,#143f72,#143f72,#143f72,#36242f,#143f72,#143f72,#e5e5e5,#fbbf2a,#e5e5e5,#0a0202,#232323,#8c8c8c,#e5e5e5,#ffffff,#143f72,#5397a9,#FF6517,#fbbf2a,#FF6517,#ffffff,#fbbf2a,#5397a9,#e5e5e5,#0d0d0d,#143f72,#712d0b,#232323,,0.93
20,#2ab292,#d9d9d9,#2ab292,#d9d9d9,#58afb0,#1c9e98,#58afb0,#058076,#353835,#1c9e98,#58afb0,#058076,#353835,#2cbb99,#8c8c8c,#1c9874,#0a0202,#0a0202,#0a0202,#232323,#8c8c8c,#e5e5e5,#ffffff,#44b069,#1c9874,#2cbb99,#BDDFB3,#F77A52,#ffffff,#F77A52,#BDDFB3,#2cbb99,#0d0d0d,#082600,#743624,#2F2933,,0.93
21,#44b069,#BDDFB3,#44b069,#BDDFB3,#44b069,#BDDFB3,#BDDFB3,#BDDFB3,#353835,#BDDFB3,#BDDFB3,#BDDFB3,#353835,#44b069,#44b069,#2F2933,#FFFFA6,#2F2933,#0a0202,#232323,#8c8c8c,#e5e5e5,#ffffff,#01A2A6,#57C98B,#FFFFA6,#2F2933,#A49A87,#BDDFB3,#A49A87,#01A2A6,#ffffff,#0d0d0d,#084041,#48443c,#2F2933,,0.93
22,#332532,#FF6517,#7d7d7d,#FF6517,#332532,#FF6517,#FF6517,#FF6517,#36242f,#FF6517,#FF6517,#FF6517,#36242f,#8c8c8c,#8c8c8c,#FF6517,#332532,#0a0202,#0a0202,#232323,#8c8c8c,#e5e5e5,#ffffff,#0d0d0d,#332532,#FF6517,#F77A52,#A49A87,#ffffff,#A49A87,#F77A52,#e74242,#0d0d0d,#712d0b,#48443c,#332532,,0.93
23,#232323,#ccbe3f,#232323,#ccbe3f,#ffffff,#ccbe3f,#ccbe3f,#ccbe3f,#39384b,#ccbe3f,#ccbe3f,#ccbe3f,#39384b,#ccbe3f,#232323,#ccbe3f,#7F771F,#232323,#0a0202,#232323,#8c8c8c,#e5e5e5,#ffffff,#9E0601,#FF6138,#ccbe3f,#7F771F,#FFF8AF,#FFF8AF,#FF6138,#ffffff,#A49A87,#0d0d0d,#7F771F,#690000,#232323,,0.93
24,#8661a4,#FFEF24,#8661a4,#FFEF24,#8661a4,#8661a4,#8661a4,#8661a4,#3a211f,#8661a4,#8661a4,#8661a4,#3a211f,#834E70,#834E70,#332532,#FFEF24,#ffffff,#0a0202,#232323,#8c8c8c,#e5e5e5,#ffffff,#332532,#9A1551,#834E70,#FFEF24,#FFF8AF,#FFEF24,#FFF8AF,#ffffff,#8c49a9,#0d0d0d,#4d0f2d,#4c4814,#332532,,0.93
25,#1c9e98,#211E26,#1c9e98,#211E26,#1c9e98,#1c9e98,#1c9e98,#1c9e98,#443d3b,#1c9e98,#1c9e98,#1c9e98,#443d3b,#1c9e98,#211E26,#1c9e98,#211E26,#211E26,#0a0202,#232323,#8c8c8c,#e5e5e5,#ffffff,#588C7E,#57C98B,#1c9e98,#211E26,#e74242,#ffffff,#e74242,#57C98B,#8c8c8c,#0d0d0d,#211e26,#232323,#232323,,0.93
26,#e5e5e5,#44b069,#e5e5e5,#44b069,#fead22,#aeaeae,#aeaeae,#aeaeae,#3f3227,#aeaeae,#aeaeae,#aeaeae,#3f3227,#fead22,#ffffff,#44b069,#FF6600,#ffffff,#0a0202,#232323,#8c8c8c,#e5e5e5,#ffffff,#082600,#9DA600,#44b069,#FFD900,#FF6600,#ffffff,#FF6600,#FFD900,#44b069,#0d0d0d,#253934,#082600,#232323,,0.93
27,#e51935,#d9d9d9,#e51935,#d9d9d9,#e51935,#e83a50,#e83a50,#e83a50,#292a31,#e83a50,#e51935,#e51935,#292a31,#e51935,#0a0202,#e51935,#232323,#0a0202,#0a0202,#232323,#8c8c8c,#e5e5e5,#ffffff,#450003,#e51935,#E80C7A,#FFED75,#FFF8AF,#ffffff,#FFF8AF,#E80C7A,#e74242,#0d0d0d,#450003,#4d0f2d,#332532,,0.93
28,#8e2840,#1c1c1c,#8e2840,#1c1c1c,#b43251,#8e2840,#8e2840,#8e2840,#40392e,#8e2840,#8e2840,#8e2840,#40392e,#d9d9d9,#ffffff,#b43251,#0a0202,#0a0202,#0a0202,#232323,#8c8c8c,#e5e5e5,#ffffff,#009E24,#FF540D,#b43251,#eb782d,#332532,#ffffff,#009E24,#FF540D,#57C98B,#0d0d0d,#082600,#601e2e,#332532,,0.93
29,#5bb5ee,#35478C,#5bb5ee,#35478C,#5bb5ee,#5bb5ee,#5bb5ee,#5bb5ee,#423036,#5bb5ee,#5bb5ee,#5bb5ee,#423036,#5bb5ee,#ffffff,#317eb6,#5bb5ee,#232323,#0a0202,#232323,#8c8c8c,#e5e5e5,#ffffff,#35478C,#317eb6,#5bb5ee,#7FB2F0,#ADD5F7,#ffffff,#ADD5F7,#5bb5ee,#8c8c8c,#0d0d0d,#35478C,#173d5c,#232323,,0.93
30,#fdcf34,#1c1c1c,#fdcf34,#1c1c1c,#fdcf34,#5d5d5d,#5d5d5d,#5d5d5d,#39392e,#5d5d5d,#5d5d5d,#5d5d5d,#39392e,#fdcf34,#fdcf34,#232323,#FFBE00,#232323,#0a0202,#232323,#8c8c8c,#e5e5e5,#ffffff,#252935,#514F5A,#FF9C19,#E8CA00,#fdcf34,#ffffff,#e5e5e5,#FF9C19,#57C98B,#0d0d0d,#232323,#712d0b,#232323,,0.93
31,#AE4E8D,#D66EAB,#AE4E8D,#D66EAB,#1c1c1c,#AE4E8D,#AE4E8D,#AE4E8D,#323232,#AE4E8D,#AE4E8D,#AE4E8D,#39392e,#AE4E8D,#AE4E8D,#AE4E8D,#232323,#0a0202,#0a0202,#232323,#8c8c8c,#e5e5e5,#ffffff,#AE4E8D,#54416B,#D66EAB,#54416B,#514F5A,#ffffff,#e5e5e5,#AE4E8D,#D66EAB,#0d0d0d,#232323,#54416B,#514F5A,,0.83
32,#AA8230,#A11D40,#AA8230,#A11D40,#1c1c1c,#AA8230,#AA8230,#AA8230,#AA8230,#AA8230,#AA8230,#AA8230,#39392e,#AA8230,#232323,#AA8230,#7A5A24,#A11D40,#0a0202,#232323,#8c8c8c,#e5e5e5,#ffffff,#AA8230,#A11D40,#BC365F,#7A5A24,#440619,#AA8230,#ffffff,#BC365F,#A11D40,#0d0d0d,#232323,#440619,#A11D40,,0.83
33,#2F7F3E,#A3A036,#2F7F3E,#A3A036,#d9d9d9,#2F7F3E,#2F7F3E,#2F7F3E,#39392e,#2F7F3E,#2F7F3E,#2F7F3E,#39392e,#7FA03E,#232323,#7FA03E,#232323,#A3A036,#0a0202,#232323,#8c8c8c,#e5e5e5,#ffffff,#2F7F3E,#A3A036,#7FA03E,#7F771F,#fdcf34,#ffffff,#e5e5e5,#A3A036,#7FA03E,#0d0d0d,#232323,#082600,#2F7F3E,,0.83
34,#E94527,#252935,#E94527,#252935,#EB9625,#EC5D24,#EC5D24,#EC5D24,#39392e,#EC5D24,#EC5D24,#EC5D24,#39392e,#E94527,#E94527,#252935,#252935,#252935,#0a0202,#232323,#8c8c8c,#e5e5e5,#ffffff,#252935,#EC5D24,#E94527,#EB9625,#F9D673,#ffffff,#e5e5e5,#F9D673,#EC5D24,#0d0d0d,#232323,#712d0b,#EC5D24,,0.83
35,#7d7d7d,#1c1c1c,#7d7d7d,#1c1c1c,#e51935,#7d7d7d,#7d7d7d,#7d7d7d,#39392e,#7d7d7d,#7d7d7d,#7d7d7d,#39392e,#232323,#232323,#d71228,#FFBE00,#7d7d7d,#0a0202,#232323,#8c8c8c,#e5e5e5,#ffffff,#7d7d7d,#d71228,#FFBE00,#690000,#FF6517,#ffffff,#d71228,#FFBE00,#7d7d7d,#0d0d0d,#232323,#690000,#7d7d7d,,0.83
36,#fdcf34,#514F5A,#fdcf34,#514F5A,#EB9625,#5d5d5d,#5d5d5d,#5d5d5d,#39392e,#5d5d5d,#5d5d5d,#5d5d5d,#39392e,#FF9C19,#232323,#FF9C19,#FF9C19,#232323,#0a0202,#232323,#8c8c8c,#e5e5e5,#ffffff,#252935,#514F5A,#FF9C19,#AA8230,#fdcf34,#ffffff,#e5e5e5,#FF9C19,#AA8230,#0d0d0d,#232323,#712d0b,#232323,,0.83
37,#e51935,#d9d9d9,#e51935,#d9d9d9,#e51935,#e83a50,#e83a50,#e83a50,#292a31,#e83a50,#e51935,#e51935,#292a31,#e51935,#ffffff,#232323,#8c8c8c,#e51935,#0a0202,#232323,#8c8c8c,#e5e5e5,#ffffff,#450003,#e51935,#E80C7A,#FFED75,#FFF8AF,#e51935,#FFF8AF,#ffffff,#e74242,#0d0d0d,#450003,#4d0f2d,#332532,,0.83
38,#317eb6,#d9d9d9,#317eb6,#d9d9d9,#fdcf34,#317eb6,#317eb6,#317eb6,#323232,#317eb6,#317eb6,#317eb6,#323232,#317eb6,#5bb5ee,#317eb6,#fdcf34,#ffffff,#0a0202,#232323,#8c8c8c,#e5e5e5,#ffffff,#2c6a9e,#5bb5ee,#fdcf34,#b52c1a,#e74242,#ffffff,#e74242,#5bb5ee,#fdcf34,#0d0d0d,#173d5c,#510103,#232323,,0.83
39,#2ab292,#d9d9d9,#2ab292,#d9d9d9,#1F5143,#1c9e98,#1c9e98,#1c9e98,#353835,#1c9e98,#1c9e98,#1c9e98,#353835,#2cbb99,#232323,#1c9874,#8c8c8c,#BDDFB3,#0a0202,#232323,#8c8c8c,#e5e5e5,#ffffff,#44b069,#1c9874,#2cbb99,#BDDFB3,#F77A52,#ffffff,#44b069,#BDDFB3,#2cbb99,#0d0d0d,#082600,#743624,#2F2933,,0.83
40,#e5e5e5,#44b069,#e5e5e5,#44b069,#e51935,#e51935,#e51935,#e51935,#39392e,#e51935,#e51935,#e51935,#39392e,#e5e5e5,#e5e5e5,#e51935,#44b069,#e5e5e5,#0a0202,#232323,#8c8c8c,#e5e5e5,#ffffff,#252935,#44b069,#e51935,#EB9625,#fdcf34,#ffffff,#e5e5e5,#FF9C19,#44b069,#0d0d0d,#232323,#44b069,#440619,,0.83
41,#FEDA00,#7d7d7d,#FEDA00,#7d7d7d,#1c1c1c,#FEDA00,#FEDA00,#FEDA00,#39392e,#FEDA00,#FEDA00,#FEDA00,#39392e,#FEDA00,#ffffff,#232323,#232323,#FEDA00,#0a0202,#232323,#8c8c8c,#e5e5e5,#ffffff,#252935,#514F5A,#FF9C19,#d9d9d9,#FEDA00,#ffffff,#e5e5e5,#FF9C19,#FEDA00,#0d0d0d,#232323,#712d0b,#FEDA00,,0.83
42,#2F2933,#2ab292,#2ab292,#BDDFB3,#2F2933,#2ab292,#2ab292,#2ab292,#353835,#2ab292,#2ab292,#2ab292,#353835,#2ab292,#2ab292,#2F2933,#e5e5e5,#2F2933,#0a0202,#232323,#8c8c8c,#e5e5e5,#ffffff,#01A2A6,#2ab292,#FFFFA6,#2F2933,#A49A87,#BDDFB3,#2ab292,#01A2A6,#ffffff,#0d0d0d,#084041,#48443c,#2F2933,,0.83
43,#eb782d,#46a4b2,#46a4b2,#eb782d,#d9d9d9,#eb782d,#eb782d,#eb782d,#323232,#eb782d,#eb782d,#eb782d,#323232,#eb782d,#ffffff,#F04D2F,#2F2933,#8c8c8c,#0a0202,#232323,#8c8c8c,#e5e5e5,#ffffff,#F04D2F,#eb782d,#143f72,#46a4b2,#ADD5F7,#F04D2F,#ADD5F7,#ffffff,#F04D2F,#0d0d0d,#143f72,#712d0b,#232323,,0.83
44,#C62466,#d9d9d9,#C62466,#1c1c1c,#d9d9d9,#C62466,#C62466,#C62466,#40392e,#C62466,#C62466,#C62466,#40392e,#C62466,#C62466,#232323,#C62466,#ffffff,#0a0202,#232323,#8c8c8c,#e5e5e5,#ffffff,#E2A4C9,#C62466,#b43251,#46a4b2,#332532,#C62466,#E2A4C9,#C62466,#46a4b2,#0d0d0d,#b43251,#601e2e,#332532,,0.83
45,#72B9CC,#2e3fa2,#72B9CC,#2e3fa2,#d9d9d9,#72B9CC,#72B9CC,#72B9CC,#39392e,#72B9CC,#72B9CC,#72B9CC,#39392e,#d9d9d9,#2e3fa2,#bc1313,#00247d,#ffffff,#0a0202,#232323,#8c8c8c,#e5e5e5,#ffffff,#252935,#514F5A,#2e3fa2,#72B9CC,#bc1313,#ffffff,#e5e5e5,#cf142b,#72B9CC,#0d0d0d,#232323,#2e3fa2,#4B3B7F,,0.83
46,#917127,#1c1c1c,#917127,#1c1c1c,#d9d9d9,#917127,#b08e3f,#755b1f,#323232,#917127,#917127,#917127,#323232,#917127,#917127,#232323,#917127,#232323,#0a0202,#232323,#8c8c8c,#e5e5e5,#ffffff,#b28800,#917127,#2F2933,#30003e,#7A6CB1,#917127,#8c49a9,#ffffff,#7A6CB1,#0d0d0d,#554007,#30003e,#232323,,0.83
47,#d9d9d9,#AE4E8D,#AE4E8D,#D66EAB,#6B337D,#AE4E8D,#AE4E8D,#AE4E8D,#323232,#AE4E8D,#AE4E8D,#AE4E8D,#39392e,#AE4E8D,#ffffff,#232323,#54416B,#D66EAB,#0a0202,#232323,#8c8c8c,#e5e5e5,#ffffff,#AE4E8D,#54416B,#D66EAB,#54416B,#6B337D,#D66EAB,#e5e5e5,#AE4E8D,#ffffff,#0d0d0d,#232323,#6B337D,#54416B,,0.83
48,#4B9343,#CE4241,#4B9343,#d9d9d9,#CE4241,#4B9343,#4B9343,#4B9343,#39392e,#4B9343,#4B9343,#4B9343,#39392e,#4B9343,#232323,#4B9343,#ffffff,#514F5A,#0a0202,#232323,#8c8c8c,#e5e5e5,#ffffff,#252935,#514F5A,#CE4241,#4B9343,#690000,#ffffff,#e5e5e5,#CE4241,#4B9343,#0d0d0d,#232323,#690000,#082600,,0.83
49,#e51935,#d9d9d9,#e51935,#d9d9d9,#515151,#e51935,#e51935,#e51935,#292a31,#e51935,#e51935,#e51935,#292a31,#e51935,#ffffff,#232323,#e51935,#8c8c8c,#0a0202,#232323,#8c8c8c,#e5e5e5,#ffffff,#450003,#e51935,#515151,#FFED75,#FFF8AF,#ffffff,#FFF8AF,#E80C7A,#e74242,#0d0d0d,#450003,#4d0f2d,#332532,,0.83
50,#3E71B7,#fadb06,#3E71B7,#fadb06,#d9d9d9,#3E71B7,#3E71B7,#3E71B7,#36242f,#3E71B7,#3E71B7,#3E71B7,#36242f,#3E71B7,#3E71B7,#e5e5e5,#fadb06,#232323,#0a0202,#232323,#8c8c8c,#e5e5e5,#ffffff,#3E71B7,#5397a9,#FF6517,#fadb06,#FF6517,#ffffff,#fadb06,#3E71B7,#e5e5e5,#0d0d0d,#143f72,#712d0b,#232323,,0.83
51,#FFBE00,#e51935,#2F2933,#e51935,#FFBE00,#FFBE00,#FFBE00,#FFBE00,#39392e,#FFBE00,#FFBE00,#FFBE00,#39392e,#FFBE00,#2F2933,#e51935,#FFBE00,#0a0202,#0a0202,#232323,#8c8c8c,#e5e5e5,#ffffff,#2F2933,#514F5A,#e5e5e5,#f62828,#FF9C19,#ffffff,#e5e5e5,#FF9C19,#f62828,#0d0d0d,#232323,#712d0b,#232323,,0.83
52,#5bb5ee,#e5e5e5,#5bb5ee,#e5e5e5,#e51935,#e5e5e5,#e5e5e5,#e5e5e5,#292a31,#e5e5e5,#e5e5e5,#e5e5e5,#292a31,#e5e5e5,#5bb5ee,#ffffff,#e51935,#ffffff,#0a0202,#232323,#8c8c8c,#e5e5e5,#ffffff,#5bb5ee,#e51935,#5bb5ee,#4B9343,#2ab292,#ffffff,#5bb5ee,#ffffff,#e74242,#0d0d0d,#450003,#4d0f2d,#332532,,0.83
53,#232323,#CE4241,#CE4241,#e5e5e5,#fdcf34,#CE4241,#CE4241,#CE4241,#323232,#CE4241,#CE4241,#CE4241,#323232,#CE4241,#fadb06,#232323,#CE4241,#e5e5e5,#0a0202,#232323,#8c8c8c,#e5e5e5,#ffffff,#fadb06,#e5e5e5,#fdcf34,#b52c1a,#514F5A,#ffffff,#e74242,#CE4241,#fdcf34,#0d0d0d,#173d5c,#510103,#232323,,0.83
54,#72B9CC,#5164A6,#72B9CC,#2F2933,#5164A6,#72B9CC,#72B9CC,#72B9CC,#353835,#72B9CC,#72B9CC,#72B9CC,#353835,#72B9CC,#72B9CC,#232323,#0a0202,#5164A6,#0a0202,#232323,#8c8c8c,#e5e5e5,#ffffff,#72B9CC,#3E71B7,#2F2933,#e51935,#ADD5F7,#ffffff,#ADD5F7,#3E71B7,#e5e5e5,#0d0d0d,#082600,#743624,#2F2933,,0.83
55,#FF6600,#FEDA00,#FEDA00,#232323,#FF6600,#FF6600,#FF6600,#FF6600,#39392e,#FF6600,#FF6600,#FF6600,#39392e,#FF6600,#FF6600,#232323,#ffffff,#FEDA00,#0a0202,#232323,#8c8c8c,#e5e5e5,#ffffff,#FF6600,#3E71B7,#6bec97,#e5e5e5,#E80C7A,#ffffff,#e5e5e5,#6bec97,#44b069,#0d0d0d,#232323,#44b069,#440619,,0.83
56,#2ab292,#8c8c8c,#2ab292,#232323,#8c8c8c,#8c8c8c,#8c8c8c,#8c8c8c,#39392e,#8c8c8c,#8c8c8c,#8c8c8c,#39392e,#8c8c8c,#2ab292,#232323,#e5e5e5,#8c8c8c,#0a0202,#232323,#8c8c8c,#e5e5e5,#ffffff,#2ab292,#44b069,#6bec97,#4B9343,#009E24,#ffffff,#e5e5e5,#6bec97,#009E24,#0d0d0d,#232323,#712d0b,#FEDA00,,0.83
57,#aad039,#2F2933,#2F2933,#aad039,#677188,#aad039,#aad039,#aad039,#353835,#aad039,#aad039,#aad039,#353835,#aad039,#0a0202,#aad039,#27282E,#677188,#0a0202,#232323,#8c8c8c,#e5e5e5,#ffffff,#0a0202,#917127,#e51935,#f62828,#FFF8AF,#ffffff,#FFF8AF,#f62828,#e5e5e5,#0d0d0d,#084041,#48443c,#2F2933,,0.83
58,#D0D0D0,#2F2933,#2F2933,#D0D0D0,#d9d9d9,#D0D0D0,#D0D0D0,#D0D0D0,#323232,#D0D0D0,#D0D0D0,#D0D0D0,#323232,#D0D0D0,#D0D0D0,#2F2933,#FF9C19,#2F2933,#0a0202,#232323,#8c8c8c,#e5e5e5,#ffffff,#D0D0D0,#eb782d,#FF6517,#f62828,#2F2933,#ffffff,#e5e5e5,#f62828,#FF6517,#0d0d0d,#143f72,#712d0b,#232323,,0.83
59,#D82C2A,#d9d9d9,#D82C2A,#d9d9d9,#d9d9d9,#D82C2A,#D82C2A,#D82C2A,#40392e,#D82C2A,#D82C2A,#D82C2A,#40392e,#D82C2A,#D82C2A,#ffffff,#4484CC,#27282E,#0a0202,#232323,#8c8c8c,#e5e5e5,#ffffff,#D82C2A,#232323,#b43251,#46a4b2,#3E71B7,#ffffff,#ff9000,#FF9C19,#46a4b2,#0d0d0d,#b43251,#601e2e,#332532,,0.83
60,#E57000,#1c1c1c,#d9d9d9,#E57000,#1c1c1c,#E57000,#E57000,#E57000,#39392e,#E57000,#E57000,#E57000,#39392e,#E57000,#E57000,#1c1c1c,#ffffff,#F04D2F,#0a0202,#232323,#8c8c8c,#e5e5e5,#ffffff,#E57000,#514F5A,#3E71B7,#b52c1a,#ff9000,#ffffff,#e5e5e5,#b52c1a,#3E71B7,#0d0d0d,#232323,#2e3fa2,#4B3B7F,,0.83
61,#317eb6,#e51935,#317eb6,#e51935,#e5e5e5,#317eb6,#317eb6,#317eb6,#323232,#317eb6,#317eb6,#317eb6,#323232,#317eb6,#317eb6,#1c1c1c,#e5e5e5,#e51935,#0a0202,#232323,#8c8c8c,#e5e5e5,#ffffff,#317eb6,#AE4E8D,#1c1c1c,#5bb5ee,#7A6CB1,#ffffff,#D66EAB,#5bb5ee,#7A6CB1,#0d0d0d,#554007,#30003e,#232323,,0.83
62,#B594B3,#1c1c1c,#B594B3,#1c1c1c,#d9d9d9,#B594B3,#B594B3,#B594B3,#323232,#B594B3,#B594B3,#B594B3,#39392e,#B594B3,#1c1c1c,#B594B3,#232323,#E2BA23,#0a0202,#232323,#8c8c8c,#e5e5e5,#ffffff,#1c1c1c,#1c1c1c,#fdcf34,#2e3fa2,#e51935,#ffffff,#e5e5e5,#fdcf34,#e51935,#0d0d0d,#232323,#6B337D,#54416B,,0.93
63,#8E2033,#ab65a3,#1c1c1c,#ab65a3,#ab65a3,#901C37,#BB2548,#77182E,#323232,#ab65a3,#ab65a3,#ab65a3,#323232,#000000,#090809,#AEAEAE,#95949F,#901C37,#0a0202,#232323,#8c8c8c,#e5e5e5,#ffffff,#30003e,#8c49a9,#10597f,#5397a9,#5abcd6,#5397a9,#8c49a9,#ffffff,#8c8c8c,#0d0d0d,#30003e,#173d5c,#232323,0.8,1.0
64,#F45916,#8E8E8E,#917127,#1c1c1c,#d9d9d9,#F16000,#FF781F,#CC5200,#323232,#917127,#917127,#917127,#323232,#917127,#969696,#F16000,#BCBCBC,#F16000,#0a0202,#232323,#8c8c8c,#e5e5e5,#ffffff,#b28800,#917127,#2F2933,#30003e,#7A6CB1,#917127,#8c49a9,#ffffff,#7A6CB1,#0d0d0d,#554007,#30003e,#232323,,0.93
65,#A2155B,#4F0A2D,#5397a9,#ae2324,#c02925,#8C0056,#B80071,#66003f,#323232,#ae2324,#ae2324,#ae2324,#323232,#8C0056,#8C0056,#DAA49A,#DAA49A,#8C0056,#0a0202,#232323,#8c8c8c,#e5e5e5,#ffffff,#143f72,#10597f,#6ac7dd,#d71228,#f62828,#ffffff,#f62828,#6ac7dd,#57C98B,#0d0d0d,#173d5c,#510103,#232323,,0.93
66,#6D6D6D,#7F0C04,#917127,#1c1c1c,#b08e3f,#7A0000,#A30000,#520000,#323232,#917127,#917127,#917127,#323232,#917127,#8F8F8F,#666666,#7A0000,#666666,#0a0202,#232323,#8c8c8c,#e5e5e5,#ffffff,#b28800,#917127,#2F2933,#30003e,#8c49a9,#836600,#8c49a9,#ffffff,#8c8c8c,#0d0d0d,#554007,#30003e,#232323,,0.93
67,#FEC02D,#D8A426,#46a4b2,#eb782d,#1c1c1c,#c0c0c0,#46a4b2,#46a4b2,#323232,#46a4b2,#46a4b2,#46a4b2,#323232,#46a4b2,#c0c0c0,#ffffff,#fbc501,#c0c0c0,#0a0202,#232323,#8c8c8c,#e5e5e5,#ffffff,#c54e02,#eb782d,#143f72,#46a4b2,#ADD5F7,#eb782d,#ADD5F7,#ffffff,#6ac7dd,#0d0d0d,#143f72,#712d0b,#232323,,0.93
68,#095FAF,#C9C9C9,#143f72,#fadb06,#d9d9d9,#2067BE,#2E7CDC,#1B559D,#36242f,#143f72,#143f72,#143f72,#36242f,#143f72,#070707,#2067BE,#CACACA,#F4FF52,#0a0202,#232323,#8c8c8c,#e5e5e5,#ffffff,#143f72,#5397a9,#FF6517,#fbbf2a,#FF6517,#ffffff,#fbbf2a,#5397a9,#e5e5e5,#0d0d0d,#143f72,#712d0b,#232323,,0.93
69,#286CBB,#BC3533,#5397a9,#ae2324,#c02925,#62A3E0,#88B9E7,#4491DA,#323232,#ae2324,#ae2324,#ae2324,#323232,#d71228,#62A3E0,#FFFFFF,#BE4343,#FFFFFF,#0a0202,#232323,#8c8c8c,#e5e5e5,#ffffff,#143f72,#10597f,#6ac7dd,#d71228,#f62828,#ffffff,#f62828,#6ac7dd,#57C98B,#0d0d0d,#173d5c,#510103,#232323,,0.93
70,#FEDA00,#E3E3E3,#2ab292,#d9d9d9,#58afb0,#1E6B3B,#288F50,#16502C,#353835,#1c9e98,#58afb0,#058076,#353835,#2cbb99,#1E6B3B,#E1E1E1,#1B2222,#1B2222,#0a0202,#232323,#8c8c8c,#e5e5e5,#ffffff,#44b069,#1c9874,#2cbb99,#BDDFB3,#F77A52,#ffffff,#F77A52,#BDDFB3,#2cbb99,#0d0d0d,#082600,#743624,#2F2933,,0.93
71,#E9C530,#8C0D04,#FEDA00,#7d7d7d,#1c1c1c,#F0D30B,#F6DD3C,#D6BB0A,#39392e,#FEDA00,#FEDA00,#FEDA00,#39392e,#FEDA00,#08090A,#F0D30B,#A7A2A9,#A00000,#0a0202,#232323,#8c8c8c,#e5e5e5,#ffffff,#252935,#514F5A,#FF9C19,#d9d9d9,#FEDA00,#ffffff,#e5e5e5,#FF9C19,#FEDA00,#0d0d0d,#232323,#712d0b,#FEDA00,,0.93
72,#001255,#fadb06,#143f72,#fadb06,#d9d9d9,#000760,#000A8F,#00043D,#36242f,#143f72,#143f72,#143f72,#36242f,#143f72,#C2C2C2,#020317,#EBE1E1,#000760,#0a0202,#232323,#8c8c8c,#e5e5e5,#ffffff,#143f72,#5397a9,#FF6517,#fbbf2a,#FF6517,#ffffff,#fbbf2a,#5397a9,#e5e5e5,#0d0d0d,#143f72,#712d0b,#232323,,0.93
73,#131313,#D7A827,#232323,#ccbe3f,#ffffff,#FBCF00,#FFDA33,#E0B700,#39384b,#ccbe3f,#ccbe3f,#ccbe3f,#39384b,#131313,#070712,#FBCF00,#FBCF00,#070712,#131313,#D7A827,#232323,#e5e5e5,#ffffff,#9E0601,#FF6138,#ccbe3f,#7F771F,#FFF8AF,#FFF8AF,#FF6138,#ffffff,#A49A87,#0d0d0d,#7F771F,#690000,#232323,,0.93
74,#006586,#ae2324,#5397a9,#ae2324,#c02925,#166B8E,#1C86B0,#11516A,#323232,#ae2324,#ae2324,#ae2324,#323232,#006586,#A9A9A9,#166B8E,#178DBF,#15294F,#006586,#ae2324,#5397a9,#e5e5e5,#ffffff,#143f72,#10597f,#6ac7dd,#d71228,#f62828,#ffffff,#f62828,#6ac7dd,#57C98B,#0d0d0d,#173d5c,#510103,#232323,,0.93
75,#C91309,#ffffff,#ae2324,#ffffff,#c02925,#D30000,#FF0A0A,#B80000,#323232,#ae2324,#ae2324,#ae2324,#323232,#C91309,#C91309,#ffffff,#ae2324,#C91309,#C91309,#ffffff,#ae2324,#e5e5e5,#ffffff,#690000,#f62828,#ff9000,#ff9000,#ffce00,#ffffff,#ffce00,#ff9000,#f62828,#0d0d0d,#510103,#712d0b,#232323,,0.93
76,#B51107,#c61a1a,#232323,#c61a1a,#5d5d5d,#C72D38,#D54852,#A6262E,#303030,#5d5d5d,#5d5d5d,#5d5d5d,#303030,#B51107,#000000,#8D99AE,#00459B,#C72D38,#B51107,#c61a1a,#232323,#e5e5e5,#ffffff,#690000,#c61a1a,#f62828,#FF6517,#fbbf2a,#e2e2e2,#fbbf2a,#f62828,#FF6517,#0d0d0d,#510103,#712d0b,#232323,,0.93
77,#5B1817,#d9d9d9,#e51935,#d9d9d9,#e51935,#360707,#5A0C0C,#240505,#292a31,#e83a50,#e51935,#e51935,#292a31,#5B1817,#600000,#360707,#989898,#360707,#5B1817,#d9d9d9,#e51935,#e5e5e5,#ffffff,#450003,#e51935,#E80C7A,#FFED75,#FFF8AF,#ffffff,#FFF8AF,#E80C7A,#e74242,#0d0d0d,#450003,#4d0f2d,#332532,,0.93
78,#0093E2,#fadb06,#143f72,#fadb06,#d9d9d9,#0079BE,#009BF5,#0067A3,#36242f,#143f72,#143f72,#143f72,#36242f,#0093E2,#DAC007,#EFE9F4,#0079BE,#0079BE,#0093E2,#fadb06,#143f72,#e5e5e5,#ffffff,#143f72,#5397a9,#FF6517,#fbbf2a,#FF6517,#ffffff,#fbbf2a,#5397a9,#e5e5e5,#0d0d0d,#143f72,#712d0b,#232323,,0.93
79,#3F0F54,#8D1A89,#a14d7c,#ffce00,#a14d7c,#930095,#C900CC,#78007A,#323232,#83419d,#83419d,#83419d,#323232,#3F0F54,#930095,#758B96,#F8F8F8,#43005C,#3F0F54,#8D1A89,#a14d7c,#e5e5e5,#ffffff,#ffce00,#ff9000,#6d3688,#c64b8f,#a14d7c,#ffffff,#ffce00,#c64b8f,#a14d7c,#0d0d0d,#501f68,#5c4804,#232323,,0.93
80,#373737,#E07E1E,#fdcf34,#1c1c1c,#fdcf34,#3C3C3A,#535350,#2A2A28,#39392e,#5d5d5d,#5d5d5d,#5d5d5d,#39392e,#373737,#3C3C3A,#D78401,#F6F4D2,#F6F4D2,#373737,#E07E1E,#fdcf34,#e5e5e5,#ffffff,#252935,#514F5A,#FF9C19,#E8CA00,#fdcf34,#ffffff,#e5e5e5,#FF9C19,#57C98B,#0d0d0d,#232323,#712d0b,#232323,,0.93
81,#785E19,#1c1c1c,#917127,#1c1c1c,#d9d9d9,#715C07,#997D0A,#4D3E05,#323232,#917127,#917127,#917127,#323232,#785E19,#715C07,#D7AF0B,#FAFAFF,#464655,#785E19,#1c1c1c,#917127,#e5e5e5,#ffffff,#b28800,#917127,#2F2933,#30003e,#7A6CB1,#917127,#8c49a9,#ffffff,#7A6CB1,#0d0d0d,#554007,#30003e,#232323,,0.93
82,#A98E21,#444444,#AA8230,#A11D40,#1c1c1c,#CDB300,#F5D400,#A38D00,#AA8230,#AA8230,#AA8230,#AA8230,#39392e,#A98E21,#CDB300,#494949,#C7BDC2,#CDB300,#A98E21,#444444,#AA8230,#e5e5e5,#ffffff,#AA8230,#A11D40,#BC365F,#7A5A24,#440619,#AA8230,#ffffff,#BC365F,#A11D40,#0d0d0d,#232323,#440619,#A11D40,,0.93
83,#003F95,#211E26,#1c9e98,#211E26,#1c9e98,#005EE7,#1F78FF,#0052CC,#443d3b,#1c9e98,#1c9e98,#1c9e98,#443d3b,#003F95,#005EE7,#F8F7F9,#291F1E,#291F1E,#003F95,#211E26,#1c9e98,#e5e5e5,#ffffff,#588C7E,#57C98B,#1c9e98,#211E26,#e74242,#ffffff,#e74242,#57C98B,#8c8c8c,#0d0d0d,#211e26,#232323,#232323,,0.93
84,#800C04,#252935,#E94527,#252935,#EB9625,#900000,#B80000,#660000,#39392e,#EC5D24,#EC5D24,#EC5D24,#39392e,#800C04,#900000,#900000,#FEFFFE,#1B1E27,#800C04,#252935,#E94527,#e5e5e5,#ffffff,#252935,#EC5D24,#E94527,#EB9625,#F9D673,#ffffff,#e5e5e5,#F9D673,#EC5D24,#0d0d0d,#232323,#712d0b,#EC5D24,,0.93
85,#800C04,#FA5B17,#7d7d7d,#1c1c1c,#e51935,#E05A00,#FF6C0A,#B84900,#39392e,#7d7d7d,#7d7d7d,#7d7d7d,#39392e,#800C04,#EAA500,#F16000,#EAA500,#FFFFFF,#800C04,#FA5B17,#7d7d7d,#e5e5e5,#ffffff,#7d7d7d,#d71228,#FFBE00,#690000,#FF6517,#ffffff,#d71228,#FFBE00,#7d7d7d,#0d0d0d,#232323,#690000,#7d7d7d,,0.93
86,#284710,#EDB42A,#fdcf34,#514F5A,#EB9625,#2D5100,#437A00,#162900,#39392e,#5d5d5d,#5d5d5d,#5d5d5d,#39392e,#284710,#E5B701,#2D5100,#444554,#444554,#284710,#EDB42A,#fdcf34,#e5e5e5,#ffffff,#252935,#514F5A,#FF9C19,#AA8230,#fdcf34,#ffffff,#e5e5e5,#FF9C19,#AA8230,#0d0d0d,#232323,#712d0b,#232323,,0.93
87,#B82129,#d9d9d9,#e51935,#d9d9d9,#e51935,#B41B2B,#DF2A3C,#A01825,#292a31,#e83a50,#e51935,#e51935,#292a31,#B82129,#B41B2B,#A0A0A0,#FFFFFF,#B41B2B,#B82129,#d9d9d9,#e51935,#e5e5e5,#ffffff,#450003,#e51935,#E80C7A,#FFED75,#FFF8AF,#e51935,#FFF8AF,#ffffff,#e74242,#0d0d0d,#450003,#4d0f2d,#332532,0.7,0.93
88,#268F91,#d9d9d9,#317eb6,#d9d9d9,#fdcf34,#349091,#41B2B4,#2B7778,#323232,#317eb6,#317eb6,#317eb6,#323232,#268F91,#FCEFEF,#FCD29F,#349091,#349091,#268F91,#d9d9d9,#317eb6,#e5e5e5,#ffffff,#2c6a9e,#5bb5ee,#fdcf34,#b52c1a,#e74242,#ffffff,#e74242,#5bb5ee,#fdcf34,#0d0d0d,#173d5c,#510103,#232323,,0.93
89,#A20F06,#090C46,#d44040,#3670a9,#5083b5,#BB0000,#F50000,#A30000,#323232,#3670a9,#3670a9,#3670a9,#323232,#A20F06,#BB0000,#090051,#E5E7E6,#E5E7E6,#A20F06,#090C46,#d44040,#e5e5e5,#ffffff,#173d5c,#364a91,#5abcd6,#690000,#d44040,#ffffff,#5abcd6,#d44040,#5397a9,#0d0d0d,#510103,#173d5c,#232323,,0.93
90,#00126F,#A60F06,#d44040,#3670a9,#5083b5,#B70000,#E00000,#8F0000,#323232,#3670a9,#3670a9,#3670a9,#323232,#00126F,#E0E0E0,#0A0A0A,#03006D,#B70000,#00126F,#A60F06,#d44040,#e5e5e5,#ffffff,#173d5c,#364a91,#5abcd6,#690000,#d44040,#ffffff,#5abcd6,#d44040,#5397a9,#0d0d0d,#510103,#173d5c,#232323,,0.93
91,#AE1007,#d9d9d9,#e51935,#d9d9d9,#e51935,#A00000,#CC0000,#7A0000,#292a31,#e83a50,#e51935,#e51935,#292a31,#AE1007,#A00000,#E8F1F2,#84714F,#84714F,#AE1007,#d9d9d9,#e51935,#e5e5e5,#ffffff,#450003,#e51935,#E80C7A,#FFED75,#FFF8AF,#e51935,#FFF8AF,#ffffff,#e74242,#0d0d0d,#450003,#4d0f2d,#332532,,0.93
92,#F06218,#252935,#E94527,#252935,#EB9625,#FF9B00,#FFAD33,#E08700,#39392e,#EC5D24,#EC5D24,#EC5D24,#39392e,#F06218,#FF9B00,#000000,#FFFFFF,#000000,#F06218,#252935,#E94527,#e5e5e5,#ffffff,#252935,#EC5D24,#E94527,#EB9625,#F9D673,#ffffff,#e5e5e5,#F9D673,#EC5D24,#0d0d0d,#232323,#712d0b,#EC5D24,,0.93
93,#00A4E4,#d9d9d9,#C62466,#1c1c1c,#d9d9d9,#00A9E8,#1FC3FF,#0096CC,#40392e,#C62466,#C62466,#C62466,#40392e,#00A4E4,#00A9E8,#E0E0E0,#FF9000,#2F323A,#00A4E4,#d9d9d9,#C62466,#e5e5e5,#ffffff,#E2A4C9,#C62466,#b43251,#46a4b2,#332532,#C62466,#E2A4C9,#C62466,#46a4b2,#0d0d0d,#b43251,#601e2e,#332532,,0.93
94,#3DA3BA,#A1A1A1,#C62466,#1c1c1c,#d9d9d9,#4EAAC0,#77BECF,#409EB5,#40392e,#C62466,#C62466,#C62466,#40392e,#3DA3BA,#4EAAC0,#A9A9A9,#114B5F,#114B5F,#3DA3BA,#A1A1A1,#C62466,#e5e5e5,#ffffff,#E2A4C9,#C62466,#b43251,#46a4b2,#332532,#C62466,#E2A4C9,#C62466,#46a4b2,#0d0d0d,#b43251,#601e2e,#332532,,0.93
95,#B87F1E,#2D2D2D,#232323,#c61a1a,#5d5d5d,#C28D00,#F5B400,#A37800,#303030,#5d5d5d,#5d5d5d,#5d5d5d,#303030,#B87F1E,#303030,#C28D00,#F2EFE9,#303030,#B87F1E,#2D2D2D,#232323,#e5e5e5,#ffffff,#690000,#c61a1a,#f62828,#FF6517,#fbbf2a,#e2e2e2,#fbbf2a,#f62828,#FF6517,#0d0d0d,#510103,#712d0b,#232323,,0.93
96,#F1F1F1,#C41417,#F7BF2C,#1c1c1c,#d9d9d9,#FAFAFA,#FAFAFA,#EBEBEB,#323232,#917127,#917127,#917127,#323232,#F1F1F1,#DDA700,#FAFAFA,#C40215,#14110F,#F1F1F1,#C41417,#F7BF2C,#e5e5e5,#ffffff,#b28800,#917127,#2F2933,#30003e,#7A6CB1,#917127,#8c49a9,#ffffff,#7A6CB1,#0d0d0d,#554007,#30003e,#232323,,0.93
97,#358D8F,#fadb06,#3E71B7,#fadb06,#d9d9d9,#449495,#57B0B2,#3A7D7E,#36242f,#3E71B7,#3E71B7,#3E71B7,#36242f,#358D8F,#449495,#FDFFF7,#AF9B46,#217577,#358D8F,#fadb06,#3E71B7,#e5e5e5,#ffffff,#3E71B7,#5397a9,#FF6517,#fadb06,#FF6517,#ffffff,#fadb06,#3E71B7,#e5e5e5,#0d0d0d,#143f72,#712d0b,#232323,,0.93
98,#00A025,#257b3e,#6bec97,#257b3e,#c3b73a,#1CAA00,#25E000,#188F00,#323232,#5eaf45,#5eaf45,#5eaf45,#323232,#00A025,#1CAA00,#EAF2E3,#181717,#181717,#00A025,#257b3e,#6bec97,#e5e5e5,#ffffff,#082600,#257b3e,#6bec97,#f3a50d,#fadb06,#ffffff,#fadb06,#6bec97,#f3a50d,#0d0d0d,#082600,#554007,#232323,,0.93
99,#B31109,#E7E7E7,#e51935,#d9d9d9,#515151,#E8E8E8,#FFFFFF,#D6D6D6,#292a31,#e51935,#e51935,#e51935,#292a31,#B31109,#E8E8E8,#181717,#BA0000,#BA0000,#B31109,#E7E7E7,#e51935,#e5e5e5,#ffffff,#450003,#e51935,#515151,#FFED75,#FFF8AF,#ffffff,#FFF8AF,#E80C7A,#e74242,#0d0d0d,#450003,#4d0f2d,#332532,,0.93
100,#0C406B,#8D634E,#3E71B7,#fadb06,#d9d9d9,#154676,#1C5C9C,#0F3357,#36242f,#3E71B7,#3E71B7,#3E71B7,#36242f,#0C406B,#ADA8B6,#154676,#87441B,#154676,#0C406B,#8D634E,#3E71B7,#e5e5e5,#ffffff,#3E71B7,#5397a9,#FF6517,#fadb06,#FF6517,#ffffff,#fadb06,#3E71B7,#e5e5e5,#0d0d0d,#143f72,#712d0b,#232323,,0.93
101,#B8B8B8,#CE9C24,#283850,#fadb06,#d9d9d9,#313D53,#445574,#262F40,#36242f,#3E71B7,#3E71B7,#3E71B7,#36242f,#B8B8B8,#313D53,#B2B2B2,#CEA400,#313D53,#B8B8B8,#CE9C24,#283850,#e5e5e5,#ffffff,#3E71B7,#5397a9,#FF6517,#fadb06,#FF6517,#ffffff,#fadb06,#3E71B7,#e5e5e5,#0d0d0d,#143f72,#712d0b,#232323,,0.93
102,#203367,#ffffff,#852625,#ffffff,#58afb0,#273776,#334799,#1F2B5C,#323232,#1c9e98,#1c9e98,#1c9e98,#323232,#203367,#B4B4B4,#7E2222,#273776,#171717,#203367,#ffffff,#852625,#e5e5e5,#ffffff,#02302e,#1c9e98,#11c6ac,#e74242,#9A1551,#11c6ac,#e74242,#ffffff,#1c9e98,#0d0d0d,#02302e,#4d0f2d,#232323,,0.93
103,#70581E,#181818,#a14d7c,#ffce00,#a14d7c,#796215,#9C7E1C,#57460F,#323232,#83419d,#83419d,#83419d,#323232,#70581E,#A7A7A7,#796215,#171717,#171717,#70581E,#181818,#a14d7c,#e5e5e5,#ffffff,#ffce00,#ff9000,#6d3688,#c64b8f,#a14d7c,#ffffff,#ffce00,#c64b8f,#a14d7c,#0d0d0d,#501f68,#5c4804,#232323,,0.93
104,#CE1309,#5568b0,#5568b0,#d44040,#e5e5e5,#B30000,#E00000,#8F0000,#323232,#aeaeae,#aeaeae,#aeaeae,#323232,#CE1309,#B30000,#141115,#D9D9D9,#A59132,#CE1309,#5568b0,#5568b0,#e5e5e5,#ffffff,#0a1a29,#5568b0,#5abcd6,#690000,#d44040,#ffffff,#5abcd6,#d44040,#5568b0,#0d0d0d,#0a1a29,#510103,#2F2933,,0.93
105,#066F8D,#D8A62B,#5bb5ee,#35478C,#5bb5ee,#1E7797,#2593BB,#185E77,#423036,#5bb5ee,#5bb5ee,#5bb5ee,#423036,#066F8D,#1E7797,#DCB210,#EDEBEC,#95B6BF,#066F8D,#D8A62B,#5bb5ee,#e5e5e5,#ffffff,#35478C,#317eb6,#5bb5ee,#7FB2F0,#ADD5F7,#ffffff,#ADD5F7,#5bb5ee,#8c8c8c,#0d0d0d,#35478C,#173d5c,#232323,,0.93
106,#AE754D,#00622B,#232323,#c61a1a,#5d5d5d,#A67A55,#BA9678,#946D4C,#303030,#5d5d5d,#5d5d5d,#5d5d5d,#303030,#AE754D,#A67A55,#015426,#2B2D42,#EDF2F4,#AE754D,#00622B,#232323,#e5e5e5,#ffffff,#690000,#c61a1a,#f62828,#FF6517,#fbbf2a,#e2e2e2,#fbbf2a,#f62828,#FF6517,#0d0d0d,#510103,#712d0b,#232323,,0.93
107,#5750A0,#201D45,#a14d7c,#ffce00,#a14d7c,#5B4EA2,#7368B6,#4D428A,#323232,#83419d,#83419d,#83419d,#323232,#5750A0,#BCBCBC,#5B4EA2,#BCBCBC,#231B4E,#5750A0,#201D45,#a14d7c,#e5e5e5,#ffffff,#ffce00,#ff9000,#6d3688,#c64b8f,#a14d7c,#ffffff,#ffce00,#c64b8f,#a14d7c,#0d0d0d,#501f68,#5c4804,#232323,,0.93
108,#84432A,#BCBCBC,#d44040,#3670a9,#5083b5,#8C4A2B,#AC5A35,#6D3A22,#323232,#3670a9,#3670a9,#3670a9,#323232,#84432A,#8C4A2B,#C6C6C6,#F18805,#5C5C5C,#84432A,#BCBCBC,#d44040,#e5e5e5,#ffffff,#173d5c,#364a91,#5abcd6,#690000,#d44040,#ffffff,#5abcd6,#d44040,#5397a9,#0d0d0d,#510103,#173d5c,#232323,,0.93
109,#ED3A15,#E47F20,#917127,#1c1c1c,#d9d9d9,#F03E09,#F8663A,#D93908,#323232,#917127,#917127,#917127,#323232,#ED3A15,#E58A06,#F03E09,#FBFEF9,#191923,#ED3A15,#E47F20,#917127,#e5e5e5,#ffffff,#b28800,#917127,#2F2933,#30003e,#7A6CB1,#917127,#8c49a9,#ffffff,#7A6CB1,#0d0d0d,#554007,#30003e,#232323,,0.93
110,#3D1164,#d9d9d9,#b64e9d,#d9d9d9,#c76dab,#340E57,#49147B,#1F0935,#323232,#b64e9d,#b64e9d,#b64e9d,#323232,#3D1164,#340E57,#CBCBCB,#A54657,#CBCBCB,#3D1164,#d9d9d9,#b64e9d,#e5e5e5,#ffffff,#a14d7c,#a14d7c,#c64b8f,#917127,#cfae5e,#dadada,#cfae5e,#a14d7c,#917127,#0d0d0d,#4d0f2d,#554007,#232323,,0.93
111,#3B571A,#DB721B,#1c1c1c,#70b15b,#93c175,#415E0E,#628E15,#31470B,#323232,#477638,#477638,#477638,#323232,#3B571A,#415E0E,#D57B03,#BAC1B8,#000000,#3B571A,#DB721B,#1c1c1c,#e5e5e5,#ffffff,#082600,#489352,#6bec97,#917127,#cfae5e,#ffffff,#cfae5e,#6bec97,#917127,#0d0d0d,#082600,#554007,#232323,,0.93
112,#083B5B,#0060AD,#5bb5ee,#35478C,#5bb5ee,#103E62,#17598C,#0B2D46,#423036,#5bb5ee,#5bb5ee,#5bb5ee,#423036,#083B5B,#103E62,#0266B2,#EBF2FA,#103E62,#083B5B,#0060AD,#5bb5ee,#e5e5e5,#ffffff,#35478C,#317eb6,#5bb5ee,#7FB2F0,#ADD5F7,#ffffff,#ADD5F7,#5bb5ee,#8c8c8c,#0d0d0d,#35478C,#173d5c,#232323,,0.93
113,#98417A,#ffce00,#a14d7c,#ffce00,#a14d7c,#94407D,#B6549B,#81376D,#323232,#83419d,#83419d,#83419d,#323232,#98417A,#94407D,#FFF006,#FFFBFE,#D0CFCF,#98417A,#ffce00,#a14d7c,#e5e5e5,#ffffff,#ffce00,#ff9000,#6d3688,#c64b8f,#a14d7c,#ffffff,#ffce00,#c64b8f,#a14d7c,#0d0d0d,#501f68,#5c4804,#232323,,0.93
114,#B5E3F1,#7778BA,#317eb6,#d9d9d9,#317eb6,#827FC4,#A09DD2,#6965B8,#323232,#317eb6,#317eb6,#317eb6,#323232,#B5E3F1,#827FC4,#BADEEE,#FFC9B5,#0A0A0A,#B5E3F1,#7778BA,#317eb6,#e5e5e5,#ffffff,#2c6a9e,#5bb5ee,#690000,#b52c1a,#e74242,#ffffff,#e74242,#5bb5ee,#ADD5F7,#0d0d0d,#173d5c,#510103,#232323,,0.93
115,#C1D876,#5F6A39,#2F2933,#e51935,#FFBE00,#A1B172,#B9C596,#96A861,#39392e,#FFBE00,#FFBE00,#FFBE00,#39392e,#C1D876,#A1B172,#DDDDDD,#3A5A40,#3A5A40,#C1D876,#5F6A39,#2F2933,#e5e5e5,#ffffff,#2F2933,#514F5A,#e5e5e5,#f62828,#FF9C19,#ffffff,#e5e5e5,#FF9C19,#f62828,#0d0d0d,#232323,#712d0b,#232323,,0.93
116,#76BF65,#00A996,#67528A,#e5e5e5,#e51935,#A1D98B,#C1E6B2,#8FD274,#292a31,#e5e5e5,#e5e5e5,#e5e5e5,#292a31,#76BF65,#A1D98B,#1F9989,#7C639E,#000000,#76BF65,#00A996,#67528A,#e5e5e5,#ffffff,#5bb5ee,#e51935,#5bb5ee,#4B9343,#2ab292,#ffffff,#5bb5ee,#ffffff,#e74242,#0d0d0d,#450003,#4d0f2d,#332532,,0.93
117,#F785CB,#FFC92F,#CE4241,#e5e5e5,#fdcf34,#E17EBE,#ECACD5,#DC6AB4,#323232,#CE4241,#CE4241,#CE4241,#323232,#F785CB,#E17EBE,#272727,#E8E9ED,#FFD001,#F785CB,#FFC92F,#CE4241,#e5e5e5,#ffffff,#fadb06,#e5e5e5,#fdcf34,#b52c1a,#514F5A,#ffffff,#e74242,#CE4241,#fdcf34,#0d0d0d,#173d5c,#510103,#232323,,0.93
118,#E29FAA,#C23143,#72B9CC,#2F2933,#5164A6,#DA919E,#E6B3BC,#D17586,#353835,#72B9CC,#72B9CC,#72B9CC,#353835,#E29FAA,#DA919E,#CCE7FA,#BA283F,#A30F20,#E29FAA,#C23143,#72B9CC,#e5e5e5,#ffffff,#72B9CC,#3E71B7,#2F2933,#e51935,#ADD5F7,#ffffff,#ADD5F7,#3E71B7,#e5e5e5,#0d0d0d,#082600,#743624,#2F2933,,0.93
119,#004188,#F4FAFF,#FF180B,#232323,#FF6600,#003F8F,#0050B8,#002C66,#39392e,#FF6600,#FF6600,#FF6600,#39392e,#004188,#FFFFFF,#003F8F,#829ECA,#FE2324,#004188,#F4FAFF,#FF180B,#e5e5e5,#ffffff,#FF6600,#3E71B7,#6bec97,#e5e5e5,#E80C7A,#ffffff,#e5e5e5,#6bec97,#44b069,#0d0d0d,#232323,#44b069,#440619,,0.93
120,#3AAC42,#008D89,#2ab292,#232323,#8c8c8c,#00928E,#00CCC5,#007A76,#39392e,#8c8c8c,#8c8c8c,#8c8c8c,#39392e,#3AAC42,#00928E,#F7DD72,#140E1B,#3DAC33,#3AAC42,#008D89,#2ab292,#e5e5e5,#ffffff,#2ab292,#44b069,#6bec97,#4B9343,#009E24,#ffffff,#e5e5e5,#6bec97,#009E24,#0d0d0d,#232323,#712d0b,#FEDA00,,0.93
121,#EDD170,#EC231F,#2F2933,#aad039,#677188,#E5D484,#EDE1AB,#DFC968,#353835,#aad039,#aad039,#aad039,#353835,#EDD170,#F5F5F5,#FF4743,#E5D484,#E5D484,#EDD170,#EC231F,#2F2933,#e5e5e5,#ffffff,#0a0202,#917127,#e51935,#f62828,#FFF8AF,#ffffff,#FFF8AF,#f62828,#e5e5e5,#0d0d0d,#084041,#48443c,#2F2933,,0.93
122,#F423A4,#009CD4,#2F2933,#D0D0D0,#d9d9d9,#F000AC,#FF1FBF,#CC0092,#323232,#D0D0D0,#D0D0D0,#D0D0D0,#323232,#F423A4,#EEEEEE,#F000AC,#0EA5DB,#000500,#F423A4,#009CD4,#2F2933,#e5e5e5,#ffffff,#D0D0D0,#eb782d,#FF6517,#f62828,#2F2933,#ffffff,#e5e5e5,#f62828,#FF6517,#0d0d0d,#143f72,#712d0b,#232323,,0.93
123,#C44999,#C9383B,#D82C2A,#d9d9d9,#d9d9d9,#BC2126,#DA2F35,#9C1C20,#40392e,#D82C2A,#D82C2A,#D82C2A,#40392e,#C44999,#66717E,#F5E2C8,#BC2126,#9B1366,#C44999,#C9383B,#D82C2A,#e5e5e5,#ffffff,#D82C2A,#232323,#b43251,#46a4b2,#3E71B7,#ffffff,#ff9000,#FF9C19,#46a4b2,#0d0d0d,#b43251,#601e2e,#332532,,0.93
124,#B23B5E,#B3C6C6,#6E131F,#E57000,#1c1c1c,#770B21,#A8102E,#5D091A,#39392e,#E57000,#E57000,#E57000,#39392e,#B23B5E,#770B21,#8EA7A7,#8EA7A7,#CCD9D9,#B23B5E,#B3C6C6,#6E131F,#e5e5e5,#ffffff,#E57000,#514F5A,#3E71B7,#b52c1a,#ff9000,#ffffff,#e5e5e5,#b52c1a,#3E71B7,#0d0d0d,#232323,#2e3fa2,#4B3B7F,,0.93
125,#9DDBF6,#EA3A80,#003DC2,#e51935,#e5e5e5,#E44693,#EB70AB,#E02982,#323232,#317eb6,#317eb6,#317eb6,#323232,#9DDBF6,#DCF1FC,#E44693,#0FA3EA,#070707,#9DDBF6,#EA3A80,#003DC2,#e5e5e5,#ffffff,#317eb6,#AE4E8D,#1c1c1c,#5bb5ee,#7A6CB1,#ffffff,#D66EAB,#5bb5ee,#7A6CB1,#0d0d0d,#554007,#30003e,#232323,0.8,0.6
126,#E72424,#F8F8F8,#FBB0CA,#ffce00,#a14d7c,#E41E25,#EA484E,#C9181D,#323232,#83419d,#83419d,#83419d,#323232,#E72424,#8D9A9E,#FFBEDB,#E41E25,#BBBEBF,#E72424,#F8F8F8,#FBB0CA,#e5e5e5,#ffffff,#ffce00,#ff9000,#6d3688,#c64b8f,#a14d7c,#ffffff,#ffce00,#c64b8f,#a14d7c,#0d0d0d,#501f68,#5c4804,#232323,,0.93
127,#CEB680,#FF7A1E,#FFCC48,#d44040,#e5e5e5,#CEBD87,#DCD048,#C4B06E,#323232,#aeaeae,#aeaeae,#aeaeae,#323232,#CEB680,#CEBD97,#FFD33E,#FD8105,#48392A,#CEB680,#FF7A1E,#FFCC48,#e5e5e5,#ffffff,#0a1a29,#5568b0,#5abcd6,#690000,#d44040,#ffffff,#5abcd6,#d44040,#5568b0,#0d0d0d,#0a1a29,#510103,#2F2933,,0.93
128,#005EBC,#7A0D2C,#a14d7c,#ffce00,#a14d7c,#0063C6,#007AF5,#0052A3,#323232,#83419d,#83419d,#83419d,#323232,#005EBC,#0063C6,#800031,#FFFFFF,#B7C3F3,#005EBC,#7A0D2C,#a14d7c,#e5e5e5,#ffffff,#ffce00,#ff9000,#6d3688,#c64b8f,#a14d7c,#ffffff,#ffce00,#c64b8f,#a14d7c,#0d0d0d,#501f68,#5c4804,#232323,,0.93
