ID,Staff Primary,Staff Secondary,Helmet Primary,Helmet Secondary,Helmet Tertiary,Normal UI,Highlighted UI,Pressed UI,Disabled UI,Secondary Normal UI,Secondary Highlighted UI,Secondary Pressed UI,Secondary Disabled UI,Car,Primary,Secondary,Tertiary,Trim,Livery Color 1,Livery Color 2,Livery Color 3,Livery Color 4,Livery Color 5,Livery Color 6,Livery Color 7,Livery Color 8,Livery Color 9,Livery Color 10,Light Sponsor 1,Light Sponsor 2,Light Sponsor 3,Light Sponsor 4,Dark Sponsor 1,Dark Sponsor 2,Dark Sponsor 3,Dark Sponsor 4
0,#797979,#797979,#797979,#797979,#b3b3b3,#797979,#b3b3b3,#7b7b7b,#5d5d5d,#797979,#b3b3b3,#7b7b7b,#5d5d5d,#f3f3f3,#f3f3f3,#f3f3f3,#f3f3f3,#f3f3f3,#f3f3f3,#f3f3f3,#f3f3f3,#f3f3f3,#f3f3f3,#f3f3f3,#f3f3f3,#f3f3f3,#f3f3f3,#f3f3f3,#ffffff,#ffffff,#ffffff,#ffffff,#ffffff,#ffffff,#ffffff,#ffffff
1,#D0D0D0,#17E59E,#D0D0D0,#17E59E,#028CBD,#00D2BE,#00D2BE,#00D2BE,#323232,#898889,#898889,#898889,#323232,#6a6a6a,#6a6a6a,#000000,#17E59E,#b9032d,#ffffff,#ffffff,#ffffff,#ffffff,#ffffff,#ffffff,#ffffff,#ffffff,#ffffff,#ffffff,#ffffff,#ffffff,#ffffff,#ffffff,#ffffff,#ffffff,#ffffff,#ffffff
2,#020307,#a80108,#020307,#a80108,#ff8b07,#0600ef,#0600ef,#0600ef,#323232,#a80108,#a80108,#a80108,#323232,#000110,#000110,#db0304,#ff8b07,#FFFFFF,#ffffff,#ffffff,#ffffff,#ffffff,#ffffff,#ffffff,#ffffff,#ffffff,#ffffff,#ffffff,#ffffff,#ffffff,#ffffff,#ffffff,#ffffff,#ffffff,#ffffff,#ffffff
3,#dcdcdc,#00a1ff,#dcdcdc,#001D70,#db020d,#0082fa,#0082fa,#0082fa,#323232,#030a1a,#030a1a,#030a1a,#323232,#F3F3F3,#F3F3F3,#FF0000,#00398C,#08080a,#ffffff,#ffffff,#ffffff,#ffffff,#ffffff,#ffffff,#ffffff,#ffffff,#ffffff,#ffffff,#000000,#000000,#000000,#000000,#000000,#000000,#000000,#000000
4,#db0304,#000000,#db0304,#fff5fe,#004b0e,#c00000,#c00000,#c00000,#323232,#fff5fe,#fff5fe,#fff5fe,#323232,#db0304,#db0304,#fff5fe,#004b0e,#020202,#ffffff,#ffffff,#ffffff,#ffffff,#ffffff,#ffffff,#ffffff,#ffffff,#ffffff,#ffffff,#ffffff,#ffffff,#ffffff,#ffffff,#ffffff,#ffffff,#ffffff,#ffffff
5,#ff5d02,#0143fb,#FF6D09,#030057,#ffffff,#FF8700,#FF8700,#FF8700,#323232,#949694,#949694,#949694,#323232,#0042D2,#0042D2,#FF0000,#131313,#E55E00,#ffffff,#ffffff,#ffffff,#ffffff,#ffffff,#ffffff,#ffffff,#ffffff,#ffffff,#ffffff,#ffffff,#ffffff,#ffffff,#ffffff,#ffffff,#ffffff,#ffffff,#ffffff
6,#fffffd,#e82a14,#fffffd,#e82a14,#001be0,#e82a14,#e82a14,#e82a14,#323232,#8c0039,#8c0039,#8c0039,#323232,#fffffd,#fffffd,#e82a14,#141311,#001be0,#ffffff,#ffffff,#ffffff,#ffffff,#ffffff,#ffffff,#ffffff,#ffffff,#ffffff,#ffffff,#000000,#000000,#000000,#000000,#000000,#000000,#000000,#000000
7,#030327,#8e8e8e,#030327,#8e8e8e,#9d0206,#ffffff,#ffffff,#ffffff,#323232,#db020a,#db020a,#db020a,#323232,#f3f3f3,#f3f3f3,#000A1E,#db0304,#0b0b0b,#ffffff,#ffffff,#ffffff,#ffffff,#ffffff,#ffffff,#ffffff,#ffffff,#ffffff,#ffffff,#000000,#000000,#000000,#000000,#000000,#000000,#000000,#000000
8,#0d0d0d,#FFBC00,#0d0d0d,#FFBC00,#0d0d0d,#fff500,#fff500,#fff500,#323232,#030303,#030303,#030303,#323232,#050505,#050505,#FFBC00,#db0304,#030303,#ffffff,#ffffff,#ffffff,#ffffff,#ffffff,#ffffff,#ffffff,#ffffff,#ffffff,#ffffff,#ffffff,#ffffff,#ffffff,#ffffff,#ffffff,#ffffff,#ffffff,#ffffff
9,#CACACA,#6B0003,#CACACA,#6B0003,#000020,#053e78,#053e78,#053e78,#323232,#7b6542,#7b6542,#7b6542,#323232,#101c52,#101c52,#976316,#fff5fe,#020202,#ffffff,#ffffff,#ffffff,#ffffff,#ffffff,#ffffff,#ffffff,#ffffff,#ffffff,#ffffff,#e4a754,#e4a754,#e4a754,#e4a754,#e4a754,#e4a754,#e4a754,#e4a754
10,#fff5fe,#fe0002,#fff5fe,#db020a,#fff5fe,#787878,#787878,#787878,#323232,#fff5fe,#fff5fe,#fff5fe,#323232,#050505,#050505,#fff5fe,#fe0002,#fff5fe,#ffffff,#ffffff,#ffffff,#ffffff,#ffffff,#ffffff,#ffffff,#ffffff,#ffffff,#ffffff,#fe0002,#fe0002,#fe0002,#fe0002,#fe0002,#fe0002,#fe0002,#fe0002
11,#030303,#ff5d02,#EDEDED,#DC86AD,#FF0051,#F45A10,#F45A10,#F45A10,#323232,#FF0051,#FF0051,#FF0051,#323232,#000000,#000000,#ec5601,#ffffff,#fe0002,#ffffff,#ffffff,#ffffff,#ffffff,#ffffff,#ffffff,#ffffff,#ffffff,#ffffff,#ffffff,#000000,#000000,#000000,#000000,#000000,#000000,#000000,#000000
12,#003BDF,#ffffff,#101010,#F92B2B,#EDEDED,#030057,#030057,#030057,#323232,#EDEDED,#EDEDED,#EDEDED,#323232,#003BDF,#00248a,#EC5000,#ffffff,#000000,#ffffff,#ffffff,#ffffff,#ffffff,#ffffff,#ffffff,#ffffff,#ffffff,#ffffff,#ffffff,#ffffff,#ffffff,#ffffff,#ffffff,#ffffff,#ffffff,#ffffff,#ffffff
13,#42a200,#131313,#B4BFF2,#E20000,#F2FF00,#6AD803,#6AD803,#6AD803,#323232,#E20000,#E20000,#E20000,#323232,#42a200,#42a200,#131313,#ffffff,#01071f,#ffffff,#ffffff,#ffffff,#ffffff,#ffffff,#ffffff,#ffffff,#ffffff,#ffffff,#ffffff,#ffffff,#ffffff,#ffffff,#ffffff,#ffffff,#ffffff,#ffffff,#ffffff
14,#131313,#e4a754,#00227D,#EDEDED,#BAFF00,#fbeaa8,#fbeaa8,#fbeaa8,#323232,#EDEDED,#EDEDED,#EDEDED,#323232,#131313,#131313,#e4a754,#fb0200,#fffffd,#ffffff,#ffffff,#ffffff,#ffffff,#ffffff,#ffffff,#ffffff,#ffffff,#ffffff,#ffffff,#ffffff,#ffffff,#ffffff,#ffffff,#ffffff,#ffffff,#ffffff,#ffffff
15,#feffff,#f70302,#C00000,#FFFFFF,#00B501,#FFFFFF,#FFFFFF,#FFFFFF,#323232,#00B501,#00B501,#00B501,#323232,#feffff,#feffff,#f70302,#e3fe03,#131313,#ffffff,#ffffff,#ffffff,#ffffff,#ffffff,#ffffff,#ffffff,#ffffff,#ffffff,#ffffff,#000000,#000000,#000000,#000000,#000000,#000000,#000000,#000000
16,#BEAD91,#131313,#020032,#00FFFC,#FFFFFF,#BEAD91,#BEAD91,#BEAD91,#323232,#00FFFC,#00FFFC,#00FFFC,#323232,#f9f9f9,#f9f9f9,#fb0103,#6a6a6a,#131313,#ffffff,#ffffff,#ffffff,#ffffff,#ffffff,#ffffff,#ffffff,#ffffff,#ffffff,#ffffff,#000000,#000000,#000000,#000000,#000000,#000000,#000000,#000000
17,#db0304,#FFFFFF,#FFFFFF,#FA402B,#101010,#BC918B,#BC918B,#BC918B,#323232,#101010,#101010,#101010,#323232,#131313,#131313,#FFFFFF,#db0304,#131313,#ffffff,#ffffff,#ffffff,#ffffff,#ffffff,#ffffff,#ffffff,#ffffff,#ffffff,#ffffff,#ffffff,#ffffff,#ffffff,#ffffff,#ffffff,#ffffff,#ffffff,#ffffff
18,#E4E4E4,#0025A7,#EDEDED,#B00000,#101010,#150DC2,#150DC2,#150DC2,#323232,#101010,#101010,#101010,#323232,#E4E4E4,#E4E4E4,#0025A7,#AD0100,#050505,#ffffff,#ffffff,#ffffff,#ffffff,#ffffff,#ffffff,#ffffff,#ffffff,#ffffff,#ffffff,#fe0002,#fe0002,#fe0002,#fe0002,#fe0002,#fe0002,#fe0002,#fe0002
19,#00179b,#f9f9f9,#142294,#D90000,#EDEDED,#0005b8,#FD0100,#FD0100,#323232,#EDEDED,#EDEDED,#EDEDED,#323232,#f9f9f9,#f9f9f9,#fb0005,#00179b,#131313,#ffffff,#ffffff,#ffffff,#ffffff,#ffffff,#ffffff,#ffffff,#ffffff,#ffffff,#ffffff,#000000,#000000,#000000,#000000,#000000,#000000,#000000,#000000
20,#f9f9f9,#c1ff02,#09074D,#B00000,#EDEDED,#BFE303,#BFE303,#BFE303,#323232,#B00000,#B00000,#B00000,#323232,#f9f9f9,#f9f9f9,#131313,#c1ff02,#c1ff02,#ffffff,#ffffff,#ffffff,#ffffff,#ffffff,#ffffff,#ffffff,#ffffff,#ffffff,#ffffff,#000000,#000000,#000000,#000000,#000000,#000000,#000000,#000000
21,#0184de,#e67c02,#10100e,#fe0002,#545454,#f596c8,#f596c8,#f596c8,#323232,#fe0002,#fe0002,#fe0002,#323232,#E2629C,#E2629C,#E5E5E5,#DA244E,#060606,#ffffff,#ffffff,#ffffff,#ffffff,#ffffff,#ffffff,#ffffff,#ffffff,#ffffff,#ffffff,#0025A7,#0025A7,#0025A7,#0025A7,#0025A7,#0025A7,#0025A7,#0025A7
22,#000000,#ffffff,#969aa5,#10100e,#fe0002,#969aa5,#969aa5,#969aa5,#323232,#10100e,#10100e,#10100e,#323232,#000000,#000000,#ffffff,#fb0200,#040097,#ffffff,#ffffff,#ffffff,#ffffff,#ffffff,#ffffff,#ffffff,#ffffff,#ffffff,#ffffff,#fe0002,#fe0002,#fe0002,#fe0002,#fe0002,#fe0002,#fe0002,#fe0002
23,#ffffff,#fe0000,#10100e,#ff8201,#feffff,#FC5249,#FC5249,#FC5249,#323232,#ff8201,#ff8201,#ff8201,#323232,#ffffff,#ffffff,#fe0000,#000000,#348703,#ffffff,#ffffff,#ffffff,#ffffff,#ffffff,#ffffff,#ffffff,#ffffff,#ffffff,#ffffff,#000000,#000000,#000000,#000000,#000000,#000000,#000000,#000000
24,#0045a4,#e63f08,#fe0002,#feffff,#297200,#995400,#995400,#995400,#323232,#feffff,#feffff,#feffff,#323232,#0045a4,#0045a4,#e63f08,#ffffff,#000000,#ffffff,#ffffff,#ffffff,#ffffff,#ffffff,#ffffff,#ffffff,#ffffff,#ffffff,#ffffff,#ffffff,#ffffff,#ffffff,#ffffff,#ffffff,#ffffff,#ffffff,#ffffff
25,#27007f,#ffffff,#feffff,#10100e,#2243c8,#6D19B7,#6D19B7,#6D19B7,#323232,#10100e,#10100e,#10100e,#323232,#000000,#000000,#27007f,#fd0005,#ffffff,#ffffff,#ffffff,#ffffff,#ffffff,#ffffff,#ffffff,#ffffff,#ffffff,#ffffff,#ffffff,#ffffff,#ffffff,#ffffff,#ffffff,#ffffff,#ffffff,#ffffff,#ffffff
26,#202344,#1394C5,#202344,#1394C5,#2CC2CB,#202344,#202344,#202344,#323232,#202344,#202344,#202344,#323232,#202344,#202344,#1394C5,#2CC2CB,#181818,#ffffff,#ffffff,#ffffff,#ffffff,#ffffff,#ffffff,#ffffff,#ffffff,#ffffff,#ffffff,#ffffff,#ffffff,#ffffff,#ffffff,#ffffff,#ffffff,#ffffff,#ffffff
27,#ffffff,#011963,#09ace5,#10100e,#fe0002,#142D7D,#142D7D,#142D7D,#323232,#10100e,#10100e,#10100e,#323232,#ffffff,#ffffff,#fd0002,#011963,#fead06,#ffffff,#ffffff,#ffffff,#ffffff,#ffffff,#ffffff,#ffffff,#ffffff,#ffffff,#ffffff,#000000,#000000,#000000,#000000,#000000,#000000,#000000,#000000
28,#eb3b13,#121413,#0548E1,#fe0002,#10100e,#FF6328,#FF6328,#FF6328,#323232,#fe0002,#fe0002,#fe0002,#323232,#121413,#121413,#eb3b13,#fffffd,#000002,#ffffff,#ffffff,#ffffff,#ffffff,#ffffff,#ffffff,#ffffff,#ffffff,#ffffff,#ffffff,#ffffff,#ffffff,#ffffff,#ffffff,#ffffff,#ffffff,#ffffff,#ffffff
29,#da1414,#ffffff,#DC86AD,#FF0051,#5B5656,#bc4848,#CB0006,#CB0006,#323232,#FF0051,#FF0051,#FF0051,#323232,#da1414,#da1414,#ffffff,#976316,#000002,#ffffff,#ffffff,#ffffff,#ffffff,#ffffff,#ffffff,#ffffff,#ffffff,#ffffff,#ffffff,#000000,#000000,#000000,#000000,#000000,#000000,#000000,#000000
30,#feffff,#9d0200,#a3a3a3,#fe0100,#09084e,#960000,#960000,#960000,#323232,#fe0100,#fe0100,#fe0100,#323232,#feffff,#feffff,#650507,#650507,#0b0b0b,#ffffff,#ffffff,#ffffff,#ffffff,#ffffff,#ffffff,#ffffff,#ffffff,#ffffff,#ffffff,#8c8c8c,#8c8c8c,#8c8c8c,#8c8c8c,#8c8c8c,#8c8c8c,#8c8c8c,#8c8c8c
31,#BEAD91,#131313,#ffffff,#BEAD91,#fb0103,#BEAD91,#BEAD91,#BEAD91,#323232,#ffffff,#ffffff,#ffffff,#ffffff,#ffffff,#ffffff,#fb0103,#6a6a6a,#232323,#ffffff,#ffffff,#ffffff,#ffffff,#ffffff,#ffffff,#ffffff,#ffffff,#ffffff,#ffffff,#000000,#000000,#000000,#000000,#000000,#000000,#000000,#000000
32,#5B5B5B,#143500,#5B5B5B,#143500,#62c749,#5B5B5B,#5B5B5B,#5B5B5B,#323232,#ffffff,#ffffff,#ffffff,#323232,#5B5B5B,#5B5B5B,#143500,#62c749,#1E1E1E,#0a0202,#232323,#8c8c8c,#e5e5e5,#ffffff,#317eb6,#AE4E8D,#1c1c1c,#5bb5ee,#7A6CB1,#ffffff,#ffffff,#ffffff,#ffffff,#ffffff,#ffffff,#ffffff,#ffffff
33,#ff6c06,#121212,#ffffff,#ffffff,#ffffff,#ff6c06,#ff6c06,#ff6c06,#323232,#ffffff,#ffffff,#ffffff,#ffffff,#ff6c06,#ff6c06,#121212,#ffffff,#ffffff,#ffffff,#ffffff,#ffffff,#ffffff,#ffffff,#ffffff,#ffffff,#ffffff,#ffffff,#ffffff,#000000,#000000,#000000,#000000,#000000,#000000,#000000,#000000
34,#FFB900,#232323,#ffffff,#ffffff,#ffffff,#FFB900,#FFB900,#FFB900,#323232,#ffffff,#ffffff,#ffffff,#ffffff,#FFB900,#FFB900,#232323,#FF0000,#5D5D5D,#ffffff,#ffffff,#ffffff,#ffffff,#ffffff,#ffffff,#ffffff,#ffffff,#ffffff,#ffffff,#000000,#000000,#000000,#000000,#000000,#000000,#000000,#000000
35,#161616,#fb0103,#FFFFFF,#FA402B,#101010,#BC918B,#BC918B,#BC918B,#323232,#2d8e6b,#2d8e6b,#2d8e6b,#39392e,#161616,#161616,#fb0103,#941423,#161616,#0a0202,#232323,#8c8c8c,#e5e5e5,#ffffff,#efdc22,#2d8e6b,#eae9eb,#285149,#38f8ff,#ffffff,#ffffff,#ffffff,#ffffff,#ffffff,#ffffff,#ffffff,#ffffff
36,#E4E4E4,#0025A7,#F1F1F1,#0044FF,#E00516,#E4E4E4,#E4E4E4,#E4E4E4,#323232,#efefef,#efefef,#efefef,#36242f,#E4E4E4,#E4E4E4,#0025A7,#AD0100,#050505,#0a0202,#232323,#8c8c8c,#e5e5e5,#ffffff,#00a2cb,#00195b,#e90b00,#0d3b8f,#efdc22,#000000,#000000,#000000,#000000,#000000,#000000,#000000,#000000
37,#C5FF00,#121D10,#ffffff,#ffffff,#ffffff,#C5FF00,#C5FF00,#C5FF00,#323232,#ffffff,#ffffff,#ffffff,#ffffff,#C5FF00,#C5FF00,#121D10,#5D5D5D,#FF3800,#ffffff,#ffffff,#ffffff,#ffffff,#ffffff,#ffffff,#ffffff,#ffffff,#ffffff,#ffffff,#000000,#000000,#000000,#000000,#000000,#000000,#000000,#000000
38,#3D8500,#121D10,#3D8500,#FF8100,#0051FF,#3D8500,#3D8500,#3D8500,#323232,#b91f36,#b91f36,#b91f36,#39392e,#131313,#131313,#3D8500,#131313,#131313,#0a0202,#232323,#8c8c8c,#e5e5e5,#ffffff,#241f31,#000000,#c6c5c8,#eabd21,#00467a,#000000,#000000,#000000,#000000,#000000,#000000,#000000,#000000
39,#303030,#ffab06,#303030,#ffffff,#ffab06,#303030,#303030,#303030,#323232,#ffffff,#ffffff,#ffffff,#ffffff,#303030,#303030,#ffab06,#ffffff,#ffffff,#ffffff,#ffffff,#ffffff,#ffffff,#ffffff,#ffffff,#ffffff,#ffffff,#ffffff,#ffffff,#ffffff,#ffffff,#ffffff,#ffffff,#ffffff,#ffffff,#ffffff,#ffffff
40,#7F0900,#F1F1F1,#7F0900,#ffffff,#F1F1F1,#7F0900,#7F0900,#7F0900,#323232,#ffffff,#ffffff,#ffffff,#ffffff,#7F0900,#7F0900,#F1F1F1,#F1F1F1,#F1F1F1,#ffffff,#ffffff,#ffffff,#ffffff,#ffffff,#ffffff,#ffffff,#ffffff,#ffffff,#ffffff,#ffffff,#ffffff,#ffffff,#ffffff,#ffffff,#ffffff,#ffffff,#ffffff
41,#950000,#F1F1F1,#950000,#ffffff,#F1F1F1,#950000,#950000,#950000,#323232,#ffffff,#ffffff,#ffffff,#ffffff,#950000,#950000,#F1F1F1,#158800,#002BE7,#ffffff,#ffffff,#ffffff,#ffffff,#ffffff,#ffffff,#ffffff,#ffffff,#ffffff,#ffffff,#FFB900,#FFB900,#FFB900,#FFB900,#FFB900,#FFB900,#FFB900,#FFB900
42,#00179b,#f9f9f9,#025ab5,#ffffff,#da2726,#025ab5,#025ab5,#025ab5,#323232,#ffffff,#ffffff,#ffffff,#ffffff,#025ab5,#025ab5,#da2726,#ffffff,#00b439,#ffffff,#ffffff,#ffffff,#ffffff,#ffffff,#ffffff,#ffffff,#ffffff,#ffffff,#ffffff,#000000,#000000,#000000,#000000,#000000,#000000,#000000,#000000
43,#ffffff,#121D10,#ffffff,#ffffff,#fb0005,#ffdeda,#ffdeda,#ffdeda,#323232,#ffffff,#ffffff,#ffffff,#ffffff,#ffffff,#ffffff,#fb0005,#0a0202,#0a0202,#ffffff,#ffffff,#ffffff,#ffffff,#ffffff,#ffffff,#ffffff,#ffffff,#ffffff,#ffffff,#000000,#000000,#000000,#000000,#000000,#000000,#000000,#000000
44,#fb0103,#ffffff,#fb0103,#ffffff,#ffffff,#fb0103,#fb0103,#fb0103,#323232,#ffffff,#ffffff,#ffffff,#ffffff,#fb0103,#fb0103,#ffffff,#ffffff,#ffffff,#ffffff,#ffffff,#ffffff,#ffffff,#ffffff,#ffffff,#ffffff,#ffffff,#ffffff,#ffffff,#ffffff,#ffffff,#ffffff,#ffffff,#ffffff,#ffffff,#ffffff,#ffffff
45,#5D5D5D,#ffab04,#020100,#ffffff,#ffab04,#d9d9d9,#d9d9d9,#d9d9d9,#323232,#ffffff,#ffffff,#ffffff,#ffffff,#020100,#020100,#ffab04,#fd0005,#012dfe,#ffffff,#ffffff,#ffffff,#ffffff,#ffffff,#ffffff,#ffffff,#ffffff,#ffffff,#ffffff,#ffffff,#ffffff,#ffffff,#ffffff,#ffffff,#ffffff,#ffffff,#ffffff
46,#121413,#e4a754,#121413,#ffffff,#e4a754,#fbeaa8,#fbeaa8,#fbeaa8,#323232,#ffffff,#ffffff,#ffffff,#ffffff,#121413,#121413,#e4a754,#fb0200,#ffffff,#ffffff,#ffffff,#ffffff,#ffffff,#ffffff,#ffffff,#ffffff,#ffffff,#ffffff,#ffffff,#ffffff,#ffffff,#ffffff,#ffffff,#ffffff,#ffffff,#ffffff,#ffffff
47,#FFBC00,#000002,#FFBC00,#ffffff,#000002,#FFBC00,#FFBC00,#FFBC00,#323232,#ffffff,#ffffff,#ffffff,#ffffff,#FFBC00,#FFBC00,#000002,#000002,#5D5D5D,#ffffff,#ffffff,#ffffff,#ffffff,#ffffff,#ffffff,#ffffff,#ffffff,#ffffff,#ffffff,#ffffff,#ffffff,#ffffff,#ffffff,#ffffff,#ffffff,#ffffff,#ffffff
48,#0258fd,#000000,#0258fd,#ffffff,#000000,#0258fd,#0258fd,#0258fd,#323232,#ffffff,#ffffff,#ffffff,#ffffff,#0258fd,#0258fd,#000000,#fe0000,#000000,#ffffff,#ffffff,#ffffff,#ffffff,#ffffff,#ffffff,#ffffff,#ffffff,#ffffff,#ffffff,#ffffff,#ffffff,#ffffff,#ffffff,#ffffff,#ffffff,#ffffff,#ffffff
49,#00fefc,#000000,#0a0a0c,#ffffff,#00fefc,#00fefc,#00fefc,#00fefc,#323232,#ffffff,#ffffff,#ffffff,#ffffff,#0a0a0c,#0a0a0c,#00fefc,#ffffff,#ffffff,#ffffff,#ffffff,#ffffff,#ffffff,#ffffff,#ffffff,#ffffff,#ffffff,#ffffff,#ffffff,#ffffff,#ffffff,#ffffff,#ffffff,#ffffff,#ffffff,#ffffff,#ffffff
50,#010721,#fb0103,#090909,#ffffff,#fb0103,#010721,#010721,#010721,#323232,#ffffff,#ffffff,#ffffff,#ffffff,#090909,#090909,#fb0103,#010721,#fffffd,#ffffff,#ffffff,#ffffff,#ffffff,#ffffff,#ffffff,#ffffff,#ffffff,#ffffff,#ffffff,#ffffff,#ffffff,#ffffff,#ffffff,#ffffff,#ffffff,#ffffff,#ffffff
51,#BEAD91,#131313,#ffffff,#BEAD91,#fb0103,#BEAD91,#BEAD91,#BEAD91,#323232,#c20102,#c20102,#c20102,#323232,#ffffff,#ffffff,#fb0103,#6a6a6a,#232323,#ffffff,#ffffff,#ffffff,#ffffff,#ffffff,#ffffff,#ffffff,#ffffff,#ffffff,#ffffff,#000000,#000000,#000000,#000000,#000000,#000000,#000000,#000000
52,#ffffff,#C00000,#C00000,#FFFFFF,#101010,#FFFFFF,#FFFFFF,#FFFFFF,#323232,#ff0000,#ff0000,#ff0000,#323232,#ffffff,#ffffff,#232323,#ff0000,#ffffff,#ffffff,#ffffff,#ffffff,#ffffff,#ffffff,#ffffff,#ffffff,#ffffff,#ffffff,#ffffff,#000000,#000000,#000000,#000000,#000000,#000000,#000000,#000000
53,#FFFFFF,#ff002c,#FFFFFF,#FA402B,#101010,#BC918B,#BC918B,#BC918B,#323232,#0a0202,#0a0202,#0a0202,#323232,#545454,#545454,#ff002c,#ffffff,#000000,#ffffff,#ffffff,#ffffff,#ffffff,#ffffff,#ffffff,#ffffff,#ffffff,#ffffff,#ffffff,#000000,#000000,#000000,#000000,#000000,#000000,#000000,#000000
54,#FF2020,#D5D5D5,#232323,#bf0206,#232323,#0043fe,#0043fe,#0043fe,#323232,#232323,#232323,#232323,#323232,#FF2020,#FF2020,#D5D5D5,#131313,#131313,#ffffff,#ffffff,#ffffff,#ffffff,#ffffff,#ffffff,#ffffff,#ffffff,#ffffff,#ffffff,#ffffff,#ffffff,#ffffff,#ffffff,#ffffff,#ffffff,#ffffff,#ffffff
55,#00479b,#ffffff,#ffffff,#1e01f9,#fe0000,#1e01f9,#1e01f9,#1e01f9,#323232,#fe0000,#fe0000,#fe0000,#323232,#00479b,#00479b,#fb0005,#ffffff,#131313,#ffffff,#ffffff,#ffffff,#ffffff,#ffffff,#ffffff,#ffffff,#ffffff,#ffffff,#ffffff,#FFA405,#FFA405,#FFA405,#FFA405,#FFA405,#FFA405,#FFA405,#FFA405
56,#000E30,#FFA405,#db061c,#414141,#fffffd,#ffc505,#ffc505,#ffc505,#323232,#db061c,#db061c,#db061c,#323232,#000E30,#000E30,#FFA405,#AAAAAA,#131313,#ffffff,#ffffff,#ffffff,#ffffff,#ffffff,#ffffff,#ffffff,#ffffff,#ffffff,#ffffff,#ffffff,#ffffff,#ffffff,#ffffff,#ffffff,#ffffff,#ffffff,#ffffff
57,#ad0908,#ffffff,#ff0000,#232323,#ffffff,#ff0000,#ff0000,#ff0000,#323232,#232323,#232323,#232323,#323232,#0d0d0d,#0d0d0d,#ae0808,#ededed,#131313,#ffffff,#ffffff,#ffffff,#ffffff,#ffffff,#ffffff,#ffffff,#ffffff,#ffffff,#ffffff,#FFA405,#FFA405,#FFA405,#FFA405,#FFA405,#FFA405,#FFA405,#FFA405
58,#7d7d7d,#ad0908,#ffffff,#c30101,#0501c8,#ad0908,#ad0908,#ad0908,#323232,#0501c8,#0501c8,#0501c8,#323232,#ad0908,#ad0908,#7d7d7d,#131313,#000000,#ffffff,#ffffff,#ffffff,#ffffff,#ffffff,#ffffff,#ffffff,#ffffff,#ffffff,#ffffff,#ffffff,#ffffff,#ffffff,#ffffff,#ffffff,#ffffff,#ffffff,#ffffff
59,#060022,#ab0907,#c4a107,#101010,#ffffff,#060022,#060022,#060022,#323232,#101010,#101010,#101010,#323232,#fffffd,#fffffd,#a90a07,#000c92,#000000,#ffffff,#ffffff,#ffffff,#ffffff,#ffffff,#ffffff,#ffffff,#ffffff,#ffffff,#ffffff,#000000,#000000,#000000,#000000,#000000,#000000,#000000,#000000
60,#0232c4,#fefefe,#010039,#b50301,#ffffff,#fe5e00,#fe5e00,#fe5e00,#323232,#b50301,#b50301,#b50301,#323232,#fffffd,#fffffd,#ff4303,#000000,#131313,#ffffff,#ffffff,#ffffff,#ffffff,#ffffff,#ffffff,#ffffff,#ffffff,#ffffff,#ffffff,#000000,#000000,#000000,#000000,#000000,#000000,#000000,#000000
61,#232323,#bf0206,#232323,#bf0206,#232323,#131313,#131313,#131313,#323232,#232323,#232323,#232323,#323232,#010100,#010100,#b40105,#606060,#d9d9db,#ffffff,#ffffff,#ffffff,#ffffff,#ffffff,#ffffff,#ffffff,#ffffff,#ffffff,#ffffff,#FFA405,#FFA405,#FFA405,#FFA405,#FFA405,#FFA405,#FFA405,#FFA405
62,#fcae03,#131313,#101012,#960202,#ffffff,#fcae03,#fcae03,#fcae03,#323232,#960202,#960202,#960202,#323232,#fcae03,#fcae03,#131313,#ffffff,#131313,#ffffff,#ffffff,#ffffff,#ffffff,#ffffff,#ffffff,#ffffff,#ffffff,#ffffff,#ffffff,#000000,#000000,#000000,#000000,#000000,#000000,#000000,#000000
63,#fffffd,#fe0000,#C00000,#FFFFFF,#101010,#fffffd,#fffffd,#fffffd,#323232,#ffffff,#ffffff,#ffffff,#ffffff,#fffffd,#fffffd,#fe0000,#0a5922,#fffffd,#ffffff,#ffffff,#ffffff,#ffffff,#ffffff,#ffffff,#ffffff,#ffffff,#ffffff,#ffffff,#000000,#000000,#000000,#000000,#000000,#000000,#000000,#000000
64,#555452,#d50006,#ffffff,#ffffff,#ffffff,#555452,#555452,#555452,#323232,#ffffff,#ffffff,#ffffff,#ffffff,#f3f3f3,#f3f3f3,#fb0007,#606060,#131313,#ffffff,#ffffff,#ffffff,#ffffff,#ffffff,#ffffff,#ffffff,#ffffff,#ffffff,#ffffff,#000000,#000000,#000000,#000000,#000000,#000000,#000000,#000000
65,#0153d1,#ffffff,#FFD800,#ffffff,#71ffff,#71ffff,#FFD800,#FFD800,#323232,#ffffff,#ffffff,#ffffff,#323232,#0153d1,#0153d1,#ffffff,#ffac04,#000000,#0a0202,#232323,#8c8c8c,#e5e5e5,#ffffff,#317eb6,#AE4E8D,#1c1c1c,#5bb5ee,#7A6CB1,#ffffff,#ffffff,#ffffff,#ffffff,#ffffff,#ffffff,#ffffff,#ffffff
66,#0043fe,#fb0005,#ffffff,#ff0000,#232323,#c40d0d,#c40d0d,#c40d0d,#323232,#FFB200,#FFB200,#FFB200,#39392e,#010002,#010002,#fb0005,#ffffff,#0043fe,#0a0202,#232323,#8c8c8c,#e5e5e5,#ffffff,#1c1c1c,#1c1c1c,#fdcf34,#2e3fa2,#e51935,#000000,#000000,#000000,#000000,#000000,#000000,#000000,#000000
67,#00ffff,#000000,#5B5B5B,#143500,#62c749,#00ffff,#00ffff,#00ffff,#323232,#ffffff,#ffffff,#ffffff,#323232,#000000,#000000,#00ffff,#feffff,#1d5001,#0a0202,#232323,#8c8c8c,#e5e5e5,#ffffff,#317eb6,#AE4E8D,#1c1c1c,#5bb5ee,#7A6CB1,#ffffff,#ffffff,#ffffff,#ffffff,#ffffff,#ffffff,#ffffff,#ffffff
68,#ffffff,#fe0002,#ffffff,#ff0000,#232323,#02055e,#02055e,#02055e,#323232,#FFB200,#FFB200,#FFB200,#39392e,#ffffff,#ffffff,#fe0002,#000000,#000386,#0a0202,#232323,#8c8c8c,#e5e5e5,#ffffff,#1c1c1c,#1c1c1c,#fdcf34,#2e3fa2,#e51935,#000000,#000000,#000000,#000000,#000000,#000000,#000000,#000000
69,#feffff,#fe0000,#350084,#ffffff,#000000,#350084,#350084,#350084,#323232,#ffffff,#ffffff,#ffffff,#323232,#feffff,#feffff,#fe0000,#000100,#350084,#0a0202,#232323,#8c8c8c,#e5e5e5,#ffffff,#317eb6,#AE4E8D,#1c1c1c,#5bb5ee,#7A6CB1,#000000,#000000,#000000,#000000,#000000,#000000,#000000,#000000
70,#fffeff,#000000,#ffffff,#ff0000,#7d7d7f,#7d7d7f,#7d7d7f,#7d7d7f,#323232,#FFB200,#FFB200,#FFB200,#39392e,#fffeff,#fffeff,#000000,#fd0005,#012dfe,#0a0202,#232323,#8c8c8c,#e5e5e5,#ffffff,#1c1c1c,#1c1c1c,#fdcf34,#2e3fa2,#e51935,#000000,#000000,#000000,#000000,#000000,#000000,#000000,#000000
71,#F1F1F1,#FFD700,#ffffff,#FFD800,#ffffff,#ffc32e,#ffc32e,#ffc32e,#323232,#ffffff,#ffffff,#ffffff,#ffffff,#F1F1F1,#F1F1F1,#FFD700,#0C0C0C,#0C0C0C,#ffffff,#ffffff,#ffffff,#ffffff,#ffffff,#ffffff,#ffffff,#ffffff,#ffffff,#ffffff,#000000,#000000,#000000,#000000,#000000,#000000,#000000,#000000
72,#001159,#a4633b,#ffffff,#02055e,#ffffff,#a4633b,#a4633b,#a4633b,#323232,#ffffff,#ffffff,#ffffff,#ffffff,#dcdcdc,#dcdcdc,#f80300,#000000,#001f5a,#ffffff,#ffffff,#ffffff,#ffffff,#ffffff,#ffffff,#ffffff,#ffffff,#ffffff,#ffffff,#000000,#000000,#000000,#000000,#000000,#000000,#000000,#000000
73,#ff4200,#0f0f19,#ff4200,#0f0f19,#2d2d2d,#ff4200,#ff4200,#ff4200,#323232,#ffffff,#ffffff,#ffffff,#ffffff,#ff4200,#ff4200,#0f0f19,#2d2d2d,#f4f4f4,#ffffff,#ffffff,#ffffff,#ffffff,#ffffff,#ffffff,#ffffff,#ffffff,#ffffff,#ffffff,#ffffff,#ffffff,#ffffff,#ffffff,#ffffff,#ffffff,#ffffff,#ffffff
74,#eda2b9,#e20062,#eda2b9,#e20062,#f4f4f4,#eda2b9,#eda2b9,#eda2b9,#323232,#ffffff,#ffffff,#ffffff,#ffffff,#eda2b9,#eda2b9,#e20062,#f4f4f4,#f4f4f4,#ffffff,#ffffff,#ffffff,#ffffff,#ffffff,#ffffff,#ffffff,#ffffff,#ffffff,#ffffff,#0025A7,#0025A7,#0025A7,#0025A7,#0025A7,#0025A7,#0025A7,#0025A7
75,#db0304,#010002,#db0304,#010002,#010002,#db0304,#db0304,#db0304,#323232,#ffffff,#ffffff,#ffffff,#ffffff,#db0304,#db0304,#010002,#010002,#010002,#ffffff,#ffffff,#ffffff,#ffffff,#ffffff,#ffffff,#ffffff,#ffffff,#ffffff,#ffffff,#ffffff,#ffffff,#ffffff,#ffffff,#ffffff,#ffffff,#ffffff,#ffffff
76,#00750b,#e43c18,#00750b,#e43c18,#00750b,#00750b,#00750b,#00750b,#323232,#ffffff,#ffffff,#ffffff,#ffffff,#f4f4f4,#f4f4f4,#e43c18,#00750b,#010002,#ffffff,#ffffff,#ffffff,#ffffff,#ffffff,#ffffff,#ffffff,#ffffff,#ffffff,#ffffff,#000000,#000000,#000000,#000000,#000000,#000000,#000000,#000000
77,#000e4d,#f4f4f4,#000e4d,#f4f4f4,#b0fe08,#b0fe08,#b0fe08,#b0fe08,#323232,#ffffff,#ffffff,#ffffff,#ffffff,#000e4d,#000e4d,#f4f4f4,#b0fe08,#010002,#ffffff,#ffffff,#ffffff,#ffffff,#ffffff,#ffffff,#ffffff,#ffffff,#ffffff,#ffffff,#000000,#000000,#000000,#000000,#000000,#000000,#000000,#000000
78,#f4f4f4,#0150ff,#f4f4f4,#0150ff,#fe0000,#f4f4f4,#f4f4f4,#f4f4f4,#323232,#ffffff,#ffffff,#ffffff,#ffffff,#f4f4f4,#f4f4f4,#0150ff,#fe0000,#f4f4f4,#ffffff,#ffffff,#ffffff,#ffffff,#ffffff,#ffffff,#ffffff,#ffffff,#ffffff,#ffffff,#000000,#000000,#000000,#000000,#000000,#000000,#000000,#000000
79,#0086c6,#f4f4f4,#0086c6,#f4f4f4,#010002,#0086c6,#0086c6,#0086c6,#323232,#ffffff,#ffffff,#ffffff,#ffffff,#0086c6,#0086c6,#f4f4f4,#010002,#f4f4f4,#ffffff,#ffffff,#ffffff,#ffffff,#ffffff,#ffffff,#ffffff,#ffffff,#ffffff,#ffffff,#ffffff,#ffffff,#ffffff,#ffffff,#ffffff,#ffffff,#ffffff,#ffffff
80,#0025A7,#0025A7,#0025A7,#0025A7,#AD0100,#0025A7,#0025A7,#0025A7,#323232,#ffffff,#ffffff,#ffffff,#ffffff,#E4E4E4,#E4E4E4,#0025A7,#AD0100,#050505,#ffffff,#ffffff,#ffffff,#ffffff,#ffffff,#ffffff,#ffffff,#ffffff,#ffffff,#ffffff,#000000,#000000,#000000,#000000,#000000,#000000,#000000,#000000
81,#feae01,#010002,#feae01,#010002,#f3f3f5,#feae01,#feae01,#feae01,#323232,#ffffff,#ffffff,#ffffff,#ffffff,#f3f3f5,#f3f3f5,#010002,#f3f3f5,#feae01,#ffffff,#ffffff,#ffffff,#ffffff,#ffffff,#ffffff,#ffffff,#ffffff,#ffffff,#ffffff,#000000,#000000,#000000,#000000,#000000,#000000,#000000,#000000
82,#00d91d,#002b00,#00d91d,#002b00,#00d91d,#00d91d,#00d91d,#00d91d,#323232,#ffffff,#ffffff,#ffffff,#ffffff,#f3f3f5,#f3f3f5,#002b00,#00d91d,#010002,#ffffff,#ffffff,#ffffff,#ffffff,#ffffff,#ffffff,#ffffff,#ffffff,#ffffff,#ffffff,#000000,#000000,#000000,#000000,#000000,#000000,#000000,#000000
83,#0b85c4,#001e5e,#0b85c4,#001e5e,#010002,#001e5e,#001e5e,#001e5e,#323232,#ffffff,#ffffff,#ffffff,#ffffff,#f3f3f1,#f3f3f1,#001e5e,#010002,#0b85c4,#ffffff,#ffffff,#ffffff,#ffffff,#ffffff,#ffffff,#ffffff,#ffffff,#ffffff,#ffffff,#000000,#000000,#000000,#000000,#000000,#000000,#000000,#000000
84,#1a1819,#f3f3f3,#1a1819,#f3f3f3,#e85311,#1a1819,#1a1819,#1a1819,#323232,#ffffff,#ffffff,#ffffff,#ffffff,#1a1819,#1a1819,#f3f3f3,#e85311,#f3f3f3,#ffffff,#ffffff,#ffffff,#ffffff,#ffffff,#ffffff,#ffffff,#ffffff,#ffffff,#ffffff,#ffffff,#ffffff,#ffffff,#ffffff,#ffffff,#ffffff,#ffffff,#ffffff